va,size,span,name
0x00010010,164,176,func_00010010
0x000100C0,17,32,func_000100C0
0x000100E0,97,112,func_000100E0
0x00010150,2543,2544,func_00010150
0x00010B40,649,656,func_00010B40
0x00010DD0,72,80,func_00010DD0
0x00010E20,143,144,func_00010E20
0x00010EB0,33,48,func_00010EB0
0x00010EE0,40,48,func_00010EE0
0x00010F10,233,240,func_00010F10
0x00011000,374,384,func_00011000
0x00011180,153,160,func_00011180
0x00011220,101,112,func_00011220
0x00011290,32,32,func_00011290
0x000112B0,1952,1952,func_000112B0
0x00011A50,465,480,func_00011A50
0x00011C30,338,352,func_00011C30
0x00011D90,347,352,func_00011D90
0x00011EF0,296,304,func_00011EF0
0x00012020,96,96,func_00012020
0x00012080,17,32,func_00012080
0x000120A0,46,48,func_000120A0
0x000120D0,104,112,func_000120D0
0x00012140,102,112,func_00012140
0x000121B0,33,48,func_000121B0
0x000121E0,96,96,func_000121E0
0x00012240,83,96,func_00012240
0x000122A0,35,48,func_000122A0
0x000122D0,187,192,func_000122D0
0x00012390,30,32,func_00012390
0x000123B0,109,112,func_000123B0
0x00012420,70,80,func_00012420
0x00012470,172,176,func_00012470
0x00012520,41,48,func_00012520
0x00012550,240,240,func_00012550
0x00012640,76,80,func_00012640
0x00012690,12,236,func_00012690
0x0001277C,4488,4500,func_0001277C
0x00013910,18,32,func_00013910
0x00013930,51,64,func_00013930
0x00013970,94,96,func_00013970
0x000139D0,25,32,func_000139D0
0x000139F0,21,32,func_000139F0
0x00013A10,68,80,func_00013A10
0x00013A60,33,48,func_00013A60
0x00013A90,73,80,func_00013A90
0x00013AE0,59,64,func_00013AE0
0x00013B20,59,64,func_00013B20
0x00013B60,92,96,func_00013B60
0x00013BC0,292,304,func_00013BC0
0x00013CF0,1222,1232,func_00013CF0
0x000141C0,52,64,func_000141C0
0x00014200,45,48,func_00014200
0x00014230,73,80,func_00014230
0x00014280,69,80,func_00014280
0x000142D0,53,64,func_000142D0
0x00014310,133,144,func_00014310
0x000143A0,185,192,func_000143A0
0x00014460,106,112,func_00014460
0x000144D0,7,16,func_000144D0
0x000144E0,70,80,func_000144E0
0x00014530,17,32,func_00014530
0x00014550,445,445,func_00014550
0x0001470D,30,30,func_0001470D
0x0001472B,6,6,func_0001472B
0x00014731,6,6,func_00014731
0x00014737,6,30,func_00014737
0x00014755,77,77,func_00014755
0x000147A2,34,61,func_000147A2
0x000147DF,180,180,func_000147DF
0x00014893,200,200,func_00014893
0x0001495B,27,27,func_0001495B
0x00014976,10,10,func_00014976
0x00014980,104,104,func_00014980
0x000149E8,36,36,func_000149E8
0x00014A0C,458,458,func_00014A0C
0x00014BD6,47,47,func_00014BD6
0x00014C05,21,21,func_00014C05
0x00014C1A,12,12,func_00014C1A
0x00014C26,105,105,func_00014C26
0x00014C8F,137,137,func_00014C8F
0x00014D18,96,96,func_00014D18
0x00014D78,35,35,func_00014D78
0x00014D9B,167,167,func_00014D9B
0x00014E42,105,106,func_00014E42
0x00014EAC,675,675,func_00014EAC
0x0001514F,189,189,func_0001514F
0x0001520C,53,53,func_0001520C
0x00015241,36,36,func_00015241
0x00015265,42,42,func_00015265
0x0001528F,304,304,func_0001528F
0x000153BF,125,125,func_000153BF
0x0001543C,301,301,func_0001543C
0x00015569,62,62,func_00015569
0x000155A7,12,12,func_000155A7
0x000155B3,41,41,func_000155B3
0x000155DC,235,235,func_000155DC
0x000156C7,131,131,func_000156C7
0x0001574A,1,1,func_0001574A
0x0001574B,62,62,func_0001574B
0x00015789,62,62,func_00015789
0x000157C7,20,20,func_000157C7
0x000157DB,18,18,func_000157DB
0x000157ED,77,77,func_000157ED
0x0001583A,89,89,func_0001583A
0x00015893,71,71,func_00015893
0x000158DA,47,47,func_000158DA
0x00015909,21,23,func_00015909
0x00015920,60,64,func_00015920
0x00015960,97,112,func_00015960
0x000159D0,169,176,func_000159D0
0x00015A80,318,320,func_00015A80
0x00015BC0,511,512,func_00015BC0
0x00015DC0,1462,1472,func_00015DC0
0x00016380,1537,1552,func_00016380
0x00016990,798,800,func_00016990
0x00016CB0,114,128,func_00016CB0
0x00016D30,31,32,func_00016D30
0x00016D50,71,80,func_00016D50
0x00016DA0,447,448,func_00016DA0
0x00016F60,44,48,func_00016F60
0x00016F90,133,144,func_00016F90
0x00017020,249,256,func_00017020
0x00017120,134,144,func_00017120
0x000171B0,3286,3296,func_000171B0
0x00017E90,345,352,func_00017E90
0x00017FF0,3364,3376,func_00017FF0
0x00018D20,928,928,func_00018D20
0x000190C0,768,820,func_000190C0
0x000193F4,486,492,func_000193F4
0x000195E0,38,48,func_000195E0
0x00019610,282,288,func_00019610
0x00019730,23,32,func_00019730
0x00019750,734,736,func_00019750
0x00019A30,58,64,func_00019A30
0x00019A70,108,112,func_00019A70
0x00019AE0,108,112,func_00019AE0
0x00019B50,181,192,func_00019B50
0x00019C10,78,80,func_00019C10
0x00019C60,38,48,func_00019C60
0x00019C90,32,32,func_00019C90
0x00019CB0,109,112,func_00019CB0
0x00019D20,92,96,func_00019D20
0x00019D80,78,80,func_00019D80
0x00019DD0,91,96,func_00019DD0
0x00019E30,101,112,func_00019E30
0x00019EA0,225,240,func_00019EA0
0x00019F90,51,64,func_00019F90
0x00019FD0,60,64,func_00019FD0
0x0001A010,66,80,func_0001A010
0x0001A060,159,160,func_0001A060
0x0001A100,72,80,func_0001A100
0x0001A150,153,160,func_0001A150
0x0001A1F0,117,128,func_0001A1F0
0x0001A270,171,176,func_0001A270
0x0001A320,169,176,func_0001A320
0x0001A3D0,64,64,func_0001A3D0
0x0001A410,89,96,func_0001A410
0x0001A470,261,272,func_0001A470
0x0001A580,35,48,func_0001A580
0x0001A5B0,115,128,func_0001A5B0
0x0001A630,105,112,func_0001A630
0x0001A6A0,63,64,func_0001A6A0
0x0001A6E0,59,64,func_0001A6E0
0x0001A720,619,624,func_0001A720
0x0001A990,36,48,func_0001A990
0x0001A9C0,40,48,func_0001A9C0
0x0001A9F0,39,48,func_0001A9F0
0x0001AA20,40,48,func_0001AA20
0x0001AA50,42,48,func_0001AA50
0x0001AA80,103,112,func_0001AA80
0x0001AAF0,121,128,func_0001AAF0
0x0001AB70,203,208,func_0001AB70
0x0001AC40,234,240,func_0001AC40
0x0001AD30,169,176,func_0001AD30
0x0001ADE0,102,112,func_0001ADE0
0x0001AE50,46,48,func_0001AE50
0x0001AE80,36,48,func_0001AE80
0x0001AEB0,219,224,func_0001AEB0
0x0001AF90,100,112,func_0001AF90
0x0001B000,100,112,func_0001B000
0x0001B070,465,480,func_0001B070
0x0001B250,59,64,func_0001B250
0x0001B290,103,112,func_0001B290
0x0001B300,111,112,func_0001B300
0x0001B370,97,112,func_0001B370
0x0001B3E0,117,128,func_0001B3E0
0x0001B460,100,112,func_0001B460
0x0001B4D0,100,112,func_0001B4D0
0x0001B540,462,464,func_0001B540
0x0001B710,23,32,func_0001B710
0x0001B730,12,16,func_0001B730
0x0001B740,12,16,func_0001B740
0x0001B750,33,48,func_0001B750
0x0001B780,82,96,func_0001B780
0x0001B7E0,107,112,func_0001B7E0
0x0001B850,74,80,func_0001B850
0x0001B8A0,27,32,func_0001B8A0
0x0001B8C0,127,128,func_0001B8C0
0x0001B940,108,112,func_0001B940
0x0001B9B0,148,160,func_0001B9B0
0x0001BA50,54,64,func_0001BA50
0x0001BA90,7,16,func_0001BA90
0x0001BAA0,7,16,func_0001BAA0
0x0001BAB0,7,16,func_0001BAB0
0x0001BAC0,16,16,func_0001BAC0
0x0001BAD0,7,16,func_0001BAD0
0x0001BAE0,7,16,func_0001BAE0
0x0001BAF0,7,16,func_0001BAF0
0x0001BB00,80,80,func_0001BB00
0x0001BB50,146,160,func_0001BB50
0x0001BBF0,82,96,func_0001BBF0
0x0001BC50,300,304,func_0001BC50
0x0001BD80,231,240,func_0001BD80
0x0001BE70,230,240,func_0001BE70
0x0001BF60,36,48,func_0001BF60
0x0001BF90,140,144,func_0001BF90
0x0001C020,75,80,func_0001C020
0x0001C070,23,32,func_0001C070
0x0001C090,89,96,func_0001C090
0x0001C0F0,186,192,func_0001C0F0
0x0001C1B0,69,80,func_0001C1B0
0x0001C200,94,96,func_0001C200
0x0001C260,70,80,func_0001C260
0x0001C2B0,124,128,func_0001C2B0
0x0001C330,63,64,func_0001C330
0x0001C370,98,112,func_0001C370
0x0001C3E0,57,64,func_0001C3E0
0x0001C420,58,64,func_0001C420
0x0001C460,120,128,func_0001C460
0x0001C4E0,52,64,func_0001C4E0
0x0001C520,18,32,func_0001C520
0x0001C540,17,32,func_0001C540
0x0001C560,7,16,func_0001C560
0x0001C570,143,144,func_0001C570
0x0001C600,311,320,func_0001C600
0x0001C740,12,16,func_0001C740
0x0001C750,70,80,func_0001C750
0x0001C7A0,35,48,func_0001C7A0
0x0001C7D0,7,16,func_0001C7D0
0x0001C7E0,448,448,func_0001C7E0
0x0001C9A0,7,16,func_0001C9A0
0x0001C9B0,7,16,func_0001C9B0
0x0001C9C0,7,16,func_0001C9C0
0x0001C9D0,7,16,func_0001C9D0
0x0001C9E0,7,16,func_0001C9E0
0x0001C9F0,7,16,func_0001C9F0
0x0001CA00,72,80,func_0001CA00
0x0001CA50,127,128,func_0001CA50
0x0001CAD0,38,48,func_0001CAD0
0x0001CB00,34,48,func_0001CB00
0x0001CB30,51,64,func_0001CB30
0x0001CB70,32,32,func_0001CB70
0x0001CB90,32,32,func_0001CB90
0x0001CBB0,54,64,func_0001CBB0
0x0001CBF0,195,208,func_0001CBF0
0x0001CCC0,235,260,func_0001CCC0
0x0001CDC4,91,112,func_0001CDC4
0x0001CE34,91,112,func_0001CE34
0x0001CEA4,149,156,func_0001CEA4
0x0001CF40,540,544,func_0001CF40
0x0001D160,112,112,func_0001D160
0x0001D1D0,100,112,func_0001D1D0
0x0001D240,158,160,func_0001D240
0x0001D2E0,35,48,func_0001D2E0
0x0001D310,249,256,func_0001D310
0x0001D410,631,640,func_0001D410
0x0001D690,17,32,func_0001D690
0x0001D6B0,13,16,func_0001D6B0
0x0001D6C0,850,864,func_0001D6C0
0x0001DA20,48,48,func_0001DA20
0x0001DA50,336,336,func_0001DA50
0x0001DBA0,81,96,func_0001DBA0
0x0001DC00,70,80,func_0001DC00
0x0001DC50,75,80,func_0001DC50
0x0001DCA0,367,368,func_0001DCA0
0x0001DE10,200,208,func_0001DE10
0x0001DEE0,74,80,func_0001DEE0
0x0001DF30,72,80,func_0001DF30
0x0001DF80,34,48,func_0001DF80
0x0001DFB0,50,64,func_0001DFB0
0x0001DFF0,7,16,func_0001DFF0
0x0001E000,38,48,func_0001E000
0x0001E030,17,32,func_0001E030
0x0001E050,140,144,func_0001E050
0x0001E0E0,38,48,func_0001E0E0
0x0001E110,43,48,func_0001E110
0x0001E140,118,128,func_0001E140
0x0001E1C0,45,48,func_0001E1C0
0x0001E1F0,115,128,func_0001E1F0
0x0001E270,156,160,func_0001E270
0x0001E310,549,560,func_0001E310
0x0001E540,136,144,func_0001E540
0x0001E5D0,294,304,func_0001E5D0
0x0001E700,630,640,func_0001E700
0x0001E980,45,48,func_0001E980
0x0001E9B0,406,416,func_0001E9B0
0x0001EB50,50,64,func_0001EB50
0x0001EB90,25,32,func_0001EB90
0x0001EBB0,48,48,func_0001EBB0
0x0001EBE0,80,80,func_0001EBE0
0x0001EC30,54,64,func_0001EC30
0x0001EC70,18,32,func_0001EC70
0x0001EC90,154,160,func_0001EC90
0x0001ED30,221,224,func_0001ED30
0x0001EE10,146,160,func_0001EE10
0x0001EEB0,118,128,func_0001EEB0
0x0001EF30,21,32,func_0001EF30
0x0001EF50,21,32,func_0001EF50
0x0001EF70,30,32,func_0001EF70
0x0001EF90,32,32,func_0001EF90
0x0001EFB0,26,32,func_0001EFB0
0x0001EFD0,21,32,func_0001EFD0
0x0001EFF0,47,48,func_0001EFF0
0x0001F020,12,16,func_0001F020
0x0001F030,12,16,func_0001F030
0x0001F040,12,16,func_0001F040
0x0001F050,12,16,func_0001F050
0x0001F060,17,32,func_0001F060
0x0001F080,12,16,func_0001F080
0x0001F090,12,16,func_0001F090
0x0001F0A0,12,16,func_0001F0A0
0x0001F0B0,12,16,func_0001F0B0
0x0001F0C0,12,16,func_0001F0C0
0x0001F0D0,12,16,func_0001F0D0
0x0001F0E0,48,48,func_0001F0E0
0x0001F110,48,48,func_0001F110
0x0001F140,89,96,func_0001F140
0x0001F1A0,71,80,func_0001F1A0
0x0001F1F0,88,96,func_0001F1F0
0x0001F250,128,128,func_0001F250
0x0001F2D0,157,160,func_0001F2D0
0x0001F370,77,80,func_0001F370
0x0001F3C0,79,80,func_0001F3C0
0x0001F410,81,96,func_0001F410
0x0001F470,227,240,func_0001F470
0x0001F560,61,64,func_0001F560
0x0001F5A0,65,80,func_0001F5A0
0x0001F5F0,60,64,func_0001F5F0
0x0001F630,251,256,func_0001F630
0x0001F730,54,64,func_0001F730
0x0001F770,162,176,func_0001F770
0x0001F820,84,96,func_0001F820
0x0001F880,84,96,func_0001F880
0x0001F8E0,119,128,func_0001F8E0
0x0001F960,99,112,func_0001F960
0x0001F9D0,439,448,func_0001F9D0
0x0001FB90,763,768,func_0001FB90
0x0001FE90,12,16,func_0001FE90
0x0001FEA0,28,32,func_0001FEA0
0x0001FEC0,12,16,func_0001FEC0
0x0001FED0,9,16,func_0001FED0
0x0001FEE0,7,16,func_0001FEE0
0x0001FEF0,36,48,func_0001FEF0
0x0001FF20,53,64,func_0001FF20
0x0001FF60,51,64,func_0001FF60
0x0001FFA0,200,208,func_0001FFA0
0x00020070,217,224,func_00020070
0x00020150,56,64,func_00020150
0x00020190,53,64,func_00020190
0x000201D0,123,128,func_000201D0
0x00020250,21,32,func_00020250
0x00020270,30,32,func_00020270
0x00020290,12,16,func_00020290
0x000202A0,414,416,func_000202A0
0x00020440,63,64,func_00020440
0x00020480,49,64,func_00020480
0x000204C0,119,128,func_000204C0
0x00020540,113,128,func_00020540
0x000205C0,12,16,func_000205C0
0x000205D0,45,48,func_000205D0
0x00020600,36,48,func_00020600
0x00020630,45,48,func_00020630
0x00020660,99,112,func_00020660
0x000206D0,89,96,func_000206D0
0x00020730,90,96,func_00020730
0x00020790,92,96,func_00020790
0x000207F0,120,128,func_000207F0
0x00020870,126,128,func_00020870
0x000208F0,110,112,func_000208F0
0x00020960,7,16,func_00020960
0x00020970,14,16,func_00020970
0x00020980,29,32,func_00020980
0x000209A0,25,32,func_000209A0
0x000209C0,70,80,func_000209C0
0x00020A10,19,32,func_00020A10
0x00020A30,167,176,func_00020A30
0x00020AE0,78,80,func_00020AE0
0x00020B30,34,48,func_00020B30
0x00020B60,205,208,func_00020B60
0x00020C30,1182,1184,func_00020C30
0x000210D0,1823,1824,func_000210D0
0x000217F0,912,912,func_000217F0
0x00021B80,656,656,func_00021B80
0x00021E10,110,112,func_00021E10
0x00021E80,198,208,func_00021E80
0x00021F50,5814,5824,func_00021F50
0x00023610,2837,2848,func_00023610
0x00024130,306,320,func_00024130
0x00024270,158,160,func_00024270
0x00024310,810,816,func_00024310
0x00024640,415,416,func_00024640
0x000247E0,3446,3456,func_000247E0
0x00025560,2966,2976,func_00025560
0x00026100,135,144,func_00026100
0x00026190,208,208,func_00026190
0x00026260,156,160,func_00026260
0x00026300,44,48,func_00026300
0x00026330,51,64,func_00026330
0x00026370,212,224,func_00026370
0x00026450,144,144,func_00026450
0x000264E0,146,160,func_000264E0
0x00026580,98,112,func_00026580
0x000265F0,48,48,func_000265F0
0x00026620,67,80,func_00026620
0x00026670,33,48,func_00026670
0x000266A0,73,80,func_000266A0
0x000266F0,12,16,func_000266F0
0x00026700,81,96,func_00026700
0x00026760,81,96,func_00026760
0x000267C0,12,16,func_000267C0
0x000267D0,12,16,func_000267D0
0x000267E0,675,688,func_000267E0
0x00026A90,279,288,func_00026A90
0x00026BB0,234,240,func_00026BB0
0x00026CA0,83,96,func_00026CA0
0x00026D00,21,32,func_00026D00
0x00026D20,136,144,func_00026D20
0x00026DB0,306,320,func_00026DB0
0x00026EF0,73,80,func_00026EF0
0x00026F40,47,48,func_00026F40
0x00026F70,27,32,func_00026F70
0x00026F90,51,84,func_00026F90
0x00026FE4,289,320,func_00026FE4
0x00027124,67,96,func_00027124
0x00027184,490,492,func_00027184
0x00027370,45,48,func_00027370
0x000273A0,27,32,func_000273A0
0x000273C0,121,128,func_000273C0
0x00027440,68,80,func_00027440
0x00027490,63,64,func_00027490
0x000274D0,46,48,func_000274D0
0x00027500,12,16,func_00027500
0x00027510,289,304,func_00027510
0x00027640,702,704,func_00027640
0x00027900,175,176,func_00027900
0x000279B0,457,464,func_000279B0
0x00027B80,170,176,func_00027B80
0x00027C30,296,296,func_00027C30
0x00027D58,34,34,func_00027D58
0x00027D7A,1,1,func_00027D7A
0x00027D7B,24,24,func_00027D7B
0x00027D93,22,29,func_00027D93
0x00027DB0,22,32,func_00027DB0
0x00027DD0,32,32,func_00027DD0
0x00027DF0,32,32,func_00027DF0
0x00027E10,114,128,func_00027E10
0x00027E90,43,48,func_00027E90
0x00027EC0,135,144,func_00027EC0
0x00027F50,58,64,func_00027F50
0x00027F90,174,176,func_00027F90
0x00028040,395,400,func_00028040
0x000281D0,73,80,func_000281D0
0x00028220,94,96,func_00028220
0x00028280,33,48,func_00028280
0x000282B0,28,32,func_000282B0
0x000282D0,85,96,func_000282D0
0x00028330,316,320,func_00028330
0x00028470,12,16,func_00028470
0x00028480,99,112,func_00028480
0x000284F0,43,48,func_000284F0
0x00028520,87,96,func_00028520
0x00028580,67,80,func_00028580
0x000285D0,87,96,func_000285D0
0x00028630,317,320,func_00028630
0x00028770,17,32,func_00028770
0x00028790,20,32,func_00028790
0x000287B0,252,256,func_000287B0
0x000288B0,1512,1520,func_000288B0
0x00028EA0,70,80,func_00028EA0
0x00028EF0,249,256,func_00028EF0
0x00028FF0,57,64,func_00028FF0
0x00029030,128,128,func_00029030
0x000290B0,197,208,func_000290B0
0x00029180,54,64,func_00029180
0x000291C0,139,139,func_000291C0
0x0002924B,21,21,func_0002924B
0x00029260,40,40,func_00029260
0x00029288,21,21,func_00029288
0x0002929D,21,35,func_0002929D
0x000292C0,20,20,func_000292C0
0x000292D4,20,20,func_000292D4
0x000292E8,20,20,func_000292E8
0x000292FC,31,32,func_000292FC
0x0002931C,60,60,func_0002931C
0x00029358,161,168,func_00029358
0x00029400,460,464,func_00029400
0x000295D0,44,48,func_000295D0
0x00029600,78,80,func_00029600
0x00029650,136,144,func_00029650
0x000296E0,207,208,func_000296E0
0x000297B0,169,176,func_000297B0
0x00029860,169,176,func_00029860
0x00029910,35,48,func_00029910
0x00029940,46,48,func_00029940
0x00029970,44,48,func_00029970
0x000299A0,89,96,func_000299A0
0x00029A00,43,48,func_00029A00
0x00029A30,142,144,func_00029A30
0x00029AC0,269,272,func_00029AC0
0x00029BD0,97,112,func_00029BD0
0x00029C40,156,160,func_00029C40
0x00029CE0,75,80,func_00029CE0
0x00029D30,154,160,func_00029D30
0x00029DD0,54,64,func_00029DD0
0x00029E10,127,128,func_00029E10
0x00029E90,34,48,func_00029E90
0x00029EC0,54,64,func_00029EC0
0x00029F00,161,176,func_00029F00
0x00029FB0,55,64,func_00029FB0
0x00029FF0,39,48,func_00029FF0
0x0002A020,65,80,func_0002A020
0x0002A070,45,48,func_0002A070
0x0002A0A0,122,128,func_0002A0A0
0x0002A120,106,112,func_0002A120
0x0002A190,130,144,func_0002A190
0x0002A220,66,80,func_0002A220
0x0002A270,66,80,func_0002A270
0x0002A2C0,112,112,func_0002A2C0
0x0002A330,7,16,func_0002A330
0x0002A340,7,16,func_0002A340
0x0002A350,42,48,func_0002A350
0x0002A380,55,64,func_0002A380
0x0002A3C0,75,80,func_0002A3C0
0x0002A410,222,224,func_0002A410
0x0002A4F0,70,80,func_0002A4F0
0x0002A540,875,880,func_0002A540
0x0002A8B0,34,48,func_0002A8B0
0x0002A8E0,292,304,func_0002A8E0
0x0002AA10,138,144,func_0002AA10
0x0002AAA0,185,192,func_0002AAA0
0x0002AB60,302,304,func_0002AB60
0x0002AC90,410,416,func_0002AC90
0x0002AE30,84,96,func_0002AE30
0x0002AE90,12,16,func_0002AE90
0x0002AEA0,12,16,func_0002AEA0
0x0002AEB0,42,48,func_0002AEB0
0x0002AEE0,119,128,func_0002AEE0
0x0002AF60,42,48,func_0002AF60
0x0002AF90,119,128,func_0002AF90
0x0002B010,34,48,func_0002B010
0x0002B040,44,48,func_0002B040
0x0002B070,42,48,func_0002B070
0x0002B0A0,122,128,func_0002B0A0
0x0002B120,153,160,func_0002B120
0x0002B1C0,95,96,func_0002B1C0
0x0002B220,142,144,func_0002B220
0x0002B2B0,95,96,func_0002B2B0
0x0002B310,143,144,func_0002B310
0x0002B3A0,82,96,func_0002B3A0
0x0002B400,56,64,func_0002B400
0x0002B440,115,128,func_0002B440
0x0002B4C0,34,48,func_0002B4C0
0x0002B4F0,41,48,func_0002B4F0
0x0002B520,26,32,func_0002B520
0x0002B540,129,144,func_0002B540
0x0002B5D0,91,96,func_0002B5D0
0x0002B630,87,96,func_0002B630
0x0002B690,41,48,func_0002B690
0x0002B6C0,812,816,func_0002B6C0
0x0002B9F0,1217,1232,func_0002B9F0
0x0002BEC0,777,784,func_0002BEC0
0x0002C1D0,35,48,func_0002C1D0
0x0002C200,27,32,func_0002C200
0x0002C220,93,96,func_0002C220
0x0002C280,120,128,func_0002C280
0x0002C300,336,336,func_0002C300
0x0002C450,60,64,func_0002C450
0x0002C490,36,48,func_0002C490
0x0002C4C0,36,48,func_0002C4C0
0x0002C4F0,36,48,func_0002C4F0
0x0002C520,324,336,func_0002C520
0x0002C670,206,208,func_0002C670
0x0002C740,83,96,func_0002C740
0x0002C7A0,444,448,func_0002C7A0
0x0002C960,30,32,func_0002C960
0x0002C980,291,304,func_0002C980
0x0002CAB0,42,48,func_0002CAB0
0x0002CAE0,17,32,func_0002CAE0
0x0002CB00,20,32,func_0002CB00
0x0002CB20,40,48,func_0002CB20
0x0002CB50,203,208,func_0002CB50
0x0002CC20,172,176,func_0002CC20
0x0002CCD0,101,112,func_0002CCD0
0x0002CD40,396,400,func_0002CD40
0x0002CED0,103,112,func_0002CED0
0x0002CF40,224,224,func_0002CF40
0x0002D020,47,48,func_0002D020
0x0002D050,45,48,func_0002D050
0x0002D080,18,32,func_0002D080
0x0002D0A0,113,128,func_0002D0A0
0x0002D120,120,128,func_0002D120
0x0002D1A0,76,80,func_0002D1A0
0x0002D1F0,68,80,func_0002D1F0
0x0002D240,17,32,func_0002D240
0x0002D260,99,112,func_0002D260
0x0002D2D0,551,560,func_0002D2D0
0x0002D500,27,32,func_0002D500
0x0002D520,9,16,func_0002D520
0x0002D530,157,160,func_0002D530
0x0002D5D0,319,320,func_0002D5D0
0x0002D710,34,48,func_0002D710
0x0002D740,321,336,func_0002D740
0x0002D890,34,48,func_0002D890
0x0002D8C0,203,208,func_0002D8C0
0x0002D990,7,16,func_0002D990
0x0002D9A0,7,16,func_0002D9A0
0x0002D9B0,12,16,func_0002D9B0
0x0002D9C0,336,336,func_0002D9C0
0x0002DB10,93,96,func_0002DB10
0x0002DB70,153,160,func_0002DB70
0x0002DC10,114,128,func_0002DC10
0x0002DC90,134,144,func_0002DC90
0x0002DD20,134,144,func_0002DD20
0x0002DDB0,142,144,func_0002DDB0
0x0002DE40,143,144,func_0002DE40
0x0002DED0,112,112,func_0002DED0
0x0002DF40,112,112,func_0002DF40
0x0002DFB0,123,128,func_0002DFB0
0x0002E030,143,144,func_0002E030
0x0002E0C0,112,112,func_0002E0C0
0x0002E130,112,112,func_0002E130
0x0002E1A0,123,128,func_0002E1A0
0x0002E220,120,128,func_0002E220
0x0002E2A0,154,160,func_0002E2A0
0x0002E340,92,96,func_0002E340
0x0002E3A0,98,112,func_0002E3A0
0x0002E410,92,96,func_0002E410
0x0002E470,226,240,func_0002E470
0x0002E560,143,144,func_0002E560
0x0002E5F0,122,128,func_0002E5F0
0x0002E670,143,144,func_0002E670
0x0002E700,122,128,func_0002E700
0x0002E780,122,128,func_0002E780
0x0002E800,122,128,func_0002E800
0x0002E880,143,144,func_0002E880
0x0002E910,46,48,func_0002E910
0x0002E940,39,48,func_0002E940
0x0002E970,167,176,func_0002E970
0x0002EA20,167,204,func_0002EA20
0x0002EAEC,1328,1332,func_0002EAEC
0x0002F020,74,80,func_0002F020
0x0002F070,298,304,func_0002F070
0x0002F1A0,24,32,func_0002F1A0
0x0002F1C0,21,32,func_0002F1C0
0x0002F1E0,24,32,func_0002F1E0
0x0002F200,1543,1552,func_0002F200
0x0002F810,137,144,func_0002F810
0x0002F8A0,20,32,func_0002F8A0
0x0002F8C0,17,32,func_0002F8C0
0x0002F8E0,137,144,func_0002F8E0
0x0002F970,133,144,func_0002F970
0x0002FA00,74,80,func_0002FA00
0x0002FA50,293,304,func_0002FA50
0x0002FB80,126,128,func_0002FB80
0x0002FC00,160,160,func_0002FC00
0x0002FCA0,31,32,func_0002FCA0
0x0002FCC0,286,288,func_0002FCC0
0x0002FDE0,78,80,func_0002FDE0
0x0002FE30,308,320,func_0002FE30
0x0002FF70,84,96,func_0002FF70
0x0002FFD0,190,192,func_0002FFD0
0x00030090,84,96,func_00030090
0x000300F0,190,192,func_000300F0
0x000301B0,86,96,func_000301B0
0x00030210,391,400,func_00030210
0x000303A0,753,768,func_000303A0
0x000306A0,61,64,func_000306A0
0x000306E0,170,176,func_000306E0
0x00030790,18,32,func_00030790
0x000307B0,17,32,func_000307B0
0x000307D0,32,32,func_000307D0
0x000307F0,7,16,func_000307F0
0x00030800,619,624,func_00030800
0x00030A70,176,176,func_00030A70
0x00030B20,104,112,func_00030B20
0x00030B90,70,80,func_00030B90
0x00030BE0,123,128,func_00030BE0
0x00030C60,233,240,func_00030C60
0x00030D50,7,16,func_00030D50
0x00030D60,148,160,func_00030D60
0x00030E00,1066,1072,func_00030E00
0x00031230,54,64,func_00031230
0x00031270,84,96,func_00031270
0x000312D0,559,560,func_000312D0
0x00031500,95,96,func_00031500
0x00031560,138,144,func_00031560
0x000315F0,107,112,func_000315F0
0x00031660,222,224,func_00031660
0x00031740,98,112,func_00031740
0x000317B0,183,192,func_000317B0
0x00031870,395,400,func_00031870
0x00031A00,32,32,func_00031A00
0x00031A20,476,480,func_00031A20
0x00031C00,304,304,func_00031C00
0x00031D30,248,256,func_00031D30
0x00031E30,215,224,func_00031E30
0x00031F10,298,304,func_00031F10
0x00032040,393,400,func_00032040
0x000321D0,40,48,func_000321D0
0x00032200,40,48,func_00032200
0x00032230,166,176,func_00032230
0x000322E0,93,96,func_000322E0
0x00032340,65,112,func_00032340
0x000323B0,128,128,func_000323B0
0x00032430,218,224,func_00032430
0x00032510,31,32,func_00032510
0x00032530,244,256,func_00032530
0x00032630,32,32,func_00032630
0x00032650,37,48,func_00032650
0x00032680,331,336,func_00032680
0x000327D0,42,48,func_000327D0
0x00032800,859,864,func_00032800
0x00032B60,225,240,func_00032B60
0x00032C50,33,48,func_00032C50
0x00032C80,54,64,func_00032C80
0x00032CC0,80,80,func_00032CC0
0x00032D10,141,144,func_00032D10
0x00032DA0,198,208,func_00032DA0
0x00032E70,223,224,func_00032E70
0x00032F50,91,96,func_00032F50
0x00032FB0,127,128,func_00032FB0
0x00033030,80,80,func_00033030
0x00033080,182,192,func_00033080
0x00033140,49,64,func_00033140
0x00033180,49,64,func_00033180
0x000331C0,78,80,func_000331C0
0x00033210,45,48,func_00033210
0x00033240,43,48,func_00033240
0x00033270,45,48,func_00033270
0x000332A0,63,64,func_000332A0
0x000332E0,64,64,func_000332E0
0x00033320,18,32,func_00033320
0x00033340,243,256,func_00033340
0x00033440,127,128,func_00033440
0x000334C0,484,496,func_000334C0
0x000336B0,507,512,func_000336B0
0x000338B0,532,544,func_000338B0
0x00033AD0,155,160,func_00033AD0
0x00033B70,55,64,func_00033B70
0x00033BB0,56,64,func_00033BB0
0x00033BF0,53,64,func_00033BF0
0x00033C30,102,112,func_00033C30
0x00033CA0,98,112,func_00033CA0
0x00033D10,164,176,func_00033D10
0x00033DC0,386,400,func_00033DC0
0x00033F50,79,80,func_00033F50
0x00033FA0,816,816,func_00033FA0
0x000342D0,82,96,func_000342D0
0x00034330,82,96,func_00034330
0x00034390,106,112,func_00034390
0x00034400,225,240,func_00034400
0x000344F0,393,400,func_000344F0
0x00034680,154,160,func_00034680
0x00034720,88,96,func_00034720
0x00034780,282,288,func_00034780
0x000348A0,12,16,func_000348A0
0x000348B0,196,208,func_000348B0
0x00034980,238,240,func_00034980
0x00034A70,233,240,func_00034A70
0x00034B60,78,80,func_00034B60
0x00034BB0,199,208,func_00034BB0
0x00034C80,186,192,func_00034C80
0x00034D40,51,64,func_00034D40
0x00034D80,211,224,func_00034D80
0x00034E60,197,208,func_00034E60
0x00034F30,32,32,func_00034F30
0x00034F50,253,256,func_00034F50
0x00035050,245,256,func_00035050
0x00035150,333,336,func_00035150
0x000352A0,511,512,func_000352A0
0x000354A0,713,720,func_000354A0
0x00035770,120,128,func_00035770
0x000357F0,541,544,func_000357F0
0x00035A10,86,96,func_00035A10
0x00035A70,279,288,func_00035A70
0x00035B90,362,368,func_00035B90
0x00035D00,87,96,func_00035D00
0x00035D60,90,96,func_00035D60
0x00035DC0,681,688,func_00035DC0
0x00036070,107,112,func_00036070
0x000360E0,493,496,func_000360E0
0x000362D0,90,96,func_000362D0
0x00036330,82,96,func_00036330
0x00036390,154,160,func_00036390
0x00036430,166,176,func_00036430
0x000364E0,317,320,func_000364E0
0x00036620,22,32,func_00036620
0x00036640,94,96,func_00036640
0x000366A0,107,112,func_000366A0
0x00036710,105,112,func_00036710
0x00036780,105,132,func_00036780
0x00036804,533,540,func_00036804
0x00036A20,65,80,func_00036A20
0x00036A70,65,80,func_00036A70
0x00036AC0,82,96,func_00036AC0
0x00036B20,7,16,func_00036B20
0x00036B30,229,240,func_00036B30
0x00036C20,126,128,func_00036C20
0x00036CA0,185,192,func_00036CA0
0x00036D60,110,112,func_00036D60
0x00036DD0,240,240,func_00036DD0
0x00036EC0,503,512,func_00036EC0
0x000370C0,120,128,func_000370C0
0x00037140,432,432,func_00037140
0x000372F0,79,80,func_000372F0
0x00037340,120,128,func_00037340
0x000373C0,85,96,func_000373C0
0x00037420,82,96,func_00037420
0x00037480,82,96,func_00037480
0x000374E0,34,48,func_000374E0
0x00037510,34,48,func_00037510
0x00037540,34,48,func_00037540
0x00037570,169,176,func_00037570
0x00037620,52,64,func_00037620
0x00037660,82,96,func_00037660
0x000376C0,169,176,func_000376C0
0x00037770,159,160,func_00037770
0x00037810,75,80,func_00037810
0x00037860,121,128,func_00037860
0x000378E0,108,112,func_000378E0
0x00037950,120,128,func_00037950
0x000379D0,115,128,func_000379D0
0x00037A50,139,144,func_00037A50
0x00037AE0,132,144,func_00037AE0
0x00037B70,78,80,func_00037B70
0x00037BC0,871,880,func_00037BC0
0x00037F30,279,288,func_00037F30
0x00038050,57,64,func_00038050
0x00038090,17,32,func_00038090
0x000380B0,26,32,func_000380B0
0x000380D0,24,32,func_000380D0
0x000380F0,24,32,func_000380F0
0x00038110,51,64,func_00038110
0x00038150,30,32,func_00038150
0x00038170,46,48,func_00038170
0x000381A0,46,48,func_000381A0
0x000381D0,12,16,func_000381D0
0x000381E0,9,16,func_000381E0
0x000381F0,9,16,func_000381F0
0x00038200,12,16,func_00038200
0x00038210,12,12,func_00038210
0x0003821C,40,40,func_0003821C
0x00038244,25,25,func_00038244
0x0003825D,27,27,func_0003825D
0x00038278,29,29,func_00038278
0x00038295,28,28,func_00038295
0x000382B1,3,3,func_000382B1
0x000382B4,35,35,func_000382B4
0x000382D7,10,10,func_000382D7
0x000382E1,25,25,func_000382E1
0x000382FA,87,90,func_000382FA
0x00038354,2,2,func_00038354
0x00038356,114,114,func_00038356
0x000383C8,2,2,func_000383C8
0x000383CA,541,541,func_000383CA
0x000385E7,57,57,func_000385E7
0x00038620,9,36,func_00038620
0x00038644,158,172,func_00038644
0x000386F0,68,80,func_000386F0
0x00038740,145,160,func_00038740
0x000387E0,106,112,func_000387E0
0x00038850,61,64,func_00038850
0x00038890,115,128,func_00038890
0x00038910,27,32,func_00038910
0x00038930,188,192,func_00038930
0x000389F0,70,80,func_000389F0
0x00038A40,102,112,func_00038A40
0x00038AB0,68,80,func_00038AB0
0x00038B00,209,224,func_00038B00
0x00038BE0,161,176,func_00038BE0
0x00038C90,178,192,func_00038C90
0x00038D50,65,80,func_00038D50
0x00038DA0,490,496,func_00038DA0
0x00038F90,61,64,func_00038F90
0x00038FD0,106,112,func_00038FD0
0x00039040,44,48,func_00039040
0x00039070,81,96,func_00039070
0x000390D0,12,16,func_000390D0
0x000390E0,54,64,func_000390E0
0x00039120,101,112,func_00039120
0x00039190,96,96,func_00039190
0x000391F0,68,80,func_000391F0
0x00039240,145,160,func_00039240
0x000392E0,7,16,func_000392E0
0x000392F0,80,80,func_000392F0
0x00039340,24,32,func_00039340
0x00039360,37,48,func_00039360
0x00039390,60,64,func_00039390
0x000393D0,60,64,func_000393D0
0x00039410,343,352,func_00039410
0x00039570,123,128,func_00039570
0x000395F0,179,192,func_000395F0
0x000396B0,173,176,func_000396B0
0x00039760,258,272,func_00039760
0x00039870,390,416,func_00039870
0x00039A10,151,390,func_00039A10
0x00039B96,21,58,func_00039B96
0x00039BD0,1,48,func_00039BD0
0x00039C00,22,32,func_00039C00
0x00039C20,12,16,func_00039C20
0x00039C30,24,32,func_00039C30
0x00039C50,37,48,func_00039C50
0x00039C80,60,64,func_00039C80
0x00039CC0,60,64,func_00039CC0
0x00039D00,343,352,func_00039D00
0x00039E60,139,144,func_00039E60
0x00039EF0,179,192,func_00039EF0
0x00039FB0,163,176,func_00039FB0
0x0003A060,258,272,func_0003A060
0x0003A170,376,400,func_0003A170
0x0003A300,151,210,func_0003A300
0x0003A3D2,24,71,func_0003A3D2
0x0003A419,9,86,func_0003A419
0x0003A46F,1,39,func_0003A46F
0x0003A496,1,28,func_0003A496
0x0003A4B2,1,62,func_0003A4B2
0x0003A4F0,22,32,func_0003A4F0
0x0003A510,12,16,func_0003A510
0x0003A520,125,128,func_0003A520
0x0003A5A0,53,64,func_0003A5A0
0x0003A5E0,126,128,func_0003A5E0
0x0003A660,657,672,func_0003A660
0x0003A900,303,304,func_0003A900
0x0003AA30,36,48,func_0003AA30
0x0003AA60,59,64,func_0003AA60
0x0003AAA0,97,112,func_0003AAA0
0x0003AB10,369,384,func_0003AB10
0x0003AC90,187,192,func_0003AC90
0x0003AD50,111,112,func_0003AD50
0x0003ADC0,105,112,func_0003ADC0
0x0003AE30,77,80,func_0003AE30
0x0003AE80,7,16,func_0003AE80
0x0003AE90,185,192,func_0003AE90
0x0003AF50,229,240,func_0003AF50
0x0003B040,49,64,func_0003B040
0x0003B080,154,160,func_0003B080
0x0003B120,12,16,func_0003B120
0x0003B130,121,128,func_0003B130
0x0003B1B0,681,688,func_0003B1B0
0x0003B460,105,112,func_0003B460
0x0003B4D0,63,64,func_0003B4D0
0x0003B510,322,336,func_0003B510
0x0003B660,53,64,func_0003B660
0x0003B6A0,25,32,func_0003B6A0
0x0003B6C0,12,16,func_0003B6C0
0x0003B6D0,128,128,func_0003B6D0
0x0003B750,53,64,func_0003B750
0x0003B790,175,176,func_0003B790
0x0003B840,101,112,func_0003B840
0x0003B8B0,319,320,func_0003B8B0
0x0003B9F0,134,144,func_0003B9F0
0x0003BA80,143,144,func_0003BA80
0x0003BB10,24,32,func_0003BB10
0x0003BB30,123,128,func_0003BB30
0x0003BBB0,195,208,func_0003BBB0
0x0003BC80,108,112,func_0003BC80
0x0003BCF0,91,148,func_0003BCF0
0x0003BD84,469,476,func_0003BD84
0x0003BF60,222,224,func_0003BF60
0x0003C040,22,32,func_0003C040
0x0003C060,157,160,func_0003C060
0x0003C100,12,16,func_0003C100
0x0003C110,112,112,func_0003C110
0x0003C180,38,48,func_0003C180
0x0003C1B0,24,32,func_0003C1B0
0x0003C1D0,45,48,func_0003C1D0
0x0003C200,146,160,func_0003C200
0x0003C2A0,240,240,func_0003C2A0
0x0003C390,112,112,func_0003C390
0x0003C400,123,128,func_0003C400
0x0003C480,39,48,func_0003C480
0x0003C4B0,73,80,func_0003C4B0
0x0003C500,124,128,func_0003C500
0x0003C580,37,48,func_0003C580
0x0003C5B0,117,128,func_0003C5B0
0x0003C630,207,208,func_0003C630
0x0003C700,225,240,func_0003C700
0x0003C7F0,147,160,func_0003C7F0
0x0003C890,167,176,func_0003C890
0x0003C940,106,112,func_0003C940
0x0003C9B0,333,336,func_0003C9B0
0x0003CB00,82,96,func_0003CB00
0x0003CB60,125,128,func_0003CB60
0x0003CBE0,148,160,func_0003CBE0
0x0003CC80,295,304,func_0003CC80
0x0003CDB0,113,128,func_0003CDB0
0x0003CE30,116,128,func_0003CE30
0x0003CEB0,485,496,func_0003CEB0
0x0003D0A0,195,208,func_0003D0A0
0x0003D170,245,256,func_0003D170
0x0003D270,161,176,func_0003D270
0x0003D320,172,176,func_0003D320
0x0003D3D0,115,128,func_0003D3D0
0x0003D450,520,528,func_0003D450
0x0003D660,263,272,func_0003D660
0x0003D770,293,304,func_0003D770
0x0003D8A0,136,144,func_0003D8A0
0x0003D930,446,448,func_0003D930
0x0003DAF0,95,96,func_0003DAF0
0x0003DB50,116,128,func_0003DB50
0x0003DBD0,111,112,func_0003DBD0
0x0003DC40,95,96,func_0003DC40
0x0003DCA0,502,512,func_0003DCA0
0x0003DEA0,72,80,func_0003DEA0
0x0003DEF0,193,208,func_0003DEF0
0x0003DFC0,64,64,func_0003DFC0
0x0003E000,480,480,func_0003E000
0x0003E1E0,357,368,func_0003E1E0
0x0003E350,184,192,func_0003E350
0x0003E410,190,192,func_0003E410
0x0003E4D0,206,208,func_0003E4D0
0x0003E5A0,196,208,func_0003E5A0
0x0003E670,324,336,func_0003E670
0x0003E7C0,133,144,func_0003E7C0
0x0003E850,223,224,func_0003E850
0x0003E930,496,496,func_0003E930
0x0003EB20,555,560,func_0003EB20
0x0003ED50,323,336,func_0003ED50
0x0003EEA0,323,336,func_0003EEA0
0x0003EFF0,89,96,func_0003EFF0
0x0003F050,263,272,func_0003F050
0x0003F160,693,704,func_0003F160
0x0003F420,32,32,func_0003F420
0x0003F440,709,720,func_0003F440
0x0003F710,337,352,func_0003F710
0x0003F870,108,112,func_0003F870
0x0003F8E0,117,128,func_0003F8E0
0x0003F960,459,464,func_0003F960
0x0003FB30,162,176,func_0003FB30
0x0003FBE0,33,48,func_0003FBE0
0x0003FC10,340,352,func_0003FC10
0x0003FD70,667,672,func_0003FD70
0x00040010,665,672,func_00040010
0x000402B0,209,224,func_000402B0
0x00040390,308,320,func_00040390
0x000404D0,772,784,func_000404D0
0x000407E0,390,400,func_000407E0
0x00040970,324,336,func_00040970
0x00040AC0,194,208,func_00040AC0
0x00040B90,393,400,func_00040B90
0x00040D20,779,784,func_00040D20
0x00041030,424,432,func_00041030
0x000411E0,812,816,func_000411E0
0x00041510,870,880,func_00041510
0x00041880,537,544,func_00041880
0x00041AA0,1823,1824,func_00041AA0
0x000421C0,1141,1176,func_000421C0
0x00042658,850,856,func_00042658
0x000429B0,96,96,func_000429B0
0x00042A10,98,112,func_00042A10
0x00042A80,159,160,func_00042A80
0x00042B20,218,224,func_00042B20
0x00042C00,176,176,func_00042C00
0x00042CB0,369,384,func_00042CB0
0x00042E30,383,384,func_00042E30
0x00042FB0,78,80,func_00042FB0
0x00043000,378,384,func_00043000
0x00043180,1373,1376,func_00043180
0x000436E0,879,880,func_000436E0
0x00043A50,247,256,func_00043A50
0x00043B50,409,416,func_00043B50
0x00043CF0,32,32,func_00043CF0
0x00043D10,350,352,func_00043D10
0x00043E70,563,576,func_00043E70
0x000440B0,654,656,func_000440B0
0x00044340,380,384,func_00044340
0x000444C0,123,128,func_000444C0
0x00044540,206,208,func_00044540
0x00044610,168,176,func_00044610
0x000446C0,366,412,func_000446C0
0x0004485C,2225,2228,func_0004485C
0x00045110,384,384,func_00045110
0x00045290,441,448,func_00045290
0x00045450,578,620,func_00045450
0x000456BC,757,808,func_000456BC
0x000459E4,488,492,func_000459E4
0x00045BD0,96,96,func_00045BD0
0x00045C30,719,720,func_00045C30
0x00045F00,277,288,func_00045F00
0x00046020,714,720,func_00046020
0x000462F0,275,288,func_000462F0
0x00046410,12,16,func_00046410
0x00046420,44,48,func_00046420
0x00046450,67,80,func_00046450
0x000464A0,7,16,func_000464A0
0x000464B0,64,64,func_000464B0
0x000464F0,70,80,func_000464F0
0x00046540,96,96,func_00046540
0x000465A0,146,160,func_000465A0
0x00046640,90,96,func_00046640
0x000466A0,268,272,func_000466A0
0x000467B0,69,80,func_000467B0
0x00046800,201,208,func_00046800
0x000468D0,77,80,func_000468D0
0x00046920,170,176,func_00046920
0x000469D0,99,112,func_000469D0
0x00046A40,439,448,func_00046A40
0x00046C00,107,112,func_00046C00
0x00046C70,35,48,func_00046C70
0x00046CA0,275,288,func_00046CA0
0x00046DC0,95,96,func_00046DC0
0x00046E20,279,288,func_00046E20
0x00046F40,153,160,func_00046F40
0x00046FE0,240,240,func_00046FE0
0x000470D0,132,144,func_000470D0
0x00047160,152,160,func_00047160
0x00047200,7,16,func_00047200
0x00047210,7,16,func_00047210
0x00047220,288,288,func_00047220
0x00047340,12,16,func_00047340
0x00047350,12,16,func_00047350
0x00047360,12,16,func_00047360
0x00047370,12,16,func_00047370
0x00047380,12,16,func_00047380
0x00047390,318,320,func_00047390
0x000474D0,109,112,func_000474D0
0x00047540,161,176,func_00047540
0x000475F0,87,96,func_000475F0
0x00047650,17,32,func_00047650
0x00047670,99,112,func_00047670
0x000476E0,113,128,func_000476E0
0x00047760,149,160,func_00047760
0x00047800,144,144,func_00047800
0x00047890,167,176,func_00047890
0x00047940,211,224,func_00047940
0x00047A20,25,32,func_00047A20
0x00047A40,668,672,func_00047A40
0x00047CE0,66,80,func_00047CE0
0x00047D30,149,160,func_00047D30
0x00047DD0,120,128,func_00047DD0
0x00047E50,77,80,func_00047E50
0x00047EA0,77,80,func_00047EA0
0x00047EF0,536,544,func_00047EF0
0x00048110,7,16,func_00048110
0x00048120,248,256,func_00048120
0x00048220,25,32,func_00048220
0x00048240,651,656,func_00048240
0x000484D0,66,80,func_000484D0
0x00048520,94,96,func_00048520
0x00048580,94,96,func_00048580
0x000485E0,67,80,func_000485E0
0x00048630,883,896,func_00048630
0x000489B0,95,96,func_000489B0
0x00048A10,95,96,func_00048A10
0x00048A70,216,224,func_00048A70
0x00048B50,155,160,func_00048B50
0x00048BF0,152,160,func_00048BF0
0x00048C90,119,128,func_00048C90
0x00048D10,114,128,func_00048D10
0x00048D90,224,224,func_00048D90
0x00048E70,197,208,func_00048E70
0x00048F40,245,256,func_00048F40
0x00049040,7,16,func_00049040
0x00049050,114,128,func_00049050
0x000490D0,105,112,func_000490D0
0x00049140,105,112,func_00049140
0x000491B0,37,48,func_000491B0
0x000491E0,47,48,func_000491E0
0x00049210,854,864,func_00049210
0x00049570,99,112,func_00049570
0x000495E0,24,32,func_000495E0
0x00049600,129,144,func_00049600
0x00049690,123,128,func_00049690
0x00049710,261,272,func_00049710
0x00049820,125,128,func_00049820
0x000498A0,105,112,func_000498A0
0x00049910,336,352,func_00049910
0x00049A70,259,272,func_00049A70
0x00049B80,22,32,func_00049B80
0x00049BA0,188,192,func_00049BA0
0x00049C60,40,48,func_00049C60
0x00049C90,179,192,func_00049C90
0x00049D50,87,96,func_00049D50
0x00049DB0,78,80,func_00049DB0
0x00049E00,205,208,func_00049E00
0x00049ED0,137,144,func_00049ED0
0x00049F60,7,16,func_00049F60
0x00049F70,154,160,func_00049F70
0x0004A010,1713,1728,func_0004A010
0x0004A6D0,39,48,func_0004A6D0
0x0004A700,432,540,func_0004A700
0x0004A91C,2118,2132,func_0004A91C
0x0004B170,108,112,func_0004B170
0x0004B1E0,64,64,func_0004B1E0
0x0004B220,75,80,func_0004B220
0x0004B270,161,161,func_0004B270
0x0004B311,57,57,func_0004B311
0x0004B34A,78,78,func_0004B34A
0x0004B398,8,8,func_0004B398
0x0004B3A0,39,39,func_0004B3A0
0x0004B3C7,33,33,func_0004B3C7
0x0004B3E8,33,33,func_0004B3E8
0x0004B409,99,99,func_0004B409
0x0004B46C,149,164,func_0004B46C
0x0004B510,87,96,func_0004B510
0x0004B570,32,32,func_0004B570
0x0004B590,46,48,func_0004B590
0x0004B5C0,23,32,func_0004B5C0
0x0004B5E0,32,32,func_0004B5E0
0x0004B600,112,112,func_0004B600
0x0004B670,173,176,func_0004B670
0x0004B720,97,97,func_0004B720
0x0004B781,90,96,func_0004B781
0x0004B7E1,6,6,func_0004B7E1
0x0004B7E7,6,18,func_0004B7E7
0x0004B7F9,14,14,func_0004B7F9
0x0004B807,8,8,func_0004B807
0x0004B80F,9,9,func_0004B80F
0x0004B818,6,12,func_0004B818
0x0004B824,37,37,func_0004B824
0x0004B849,15,15,func_0004B849
0x0004B858,36,36,func_0004B858
0x0004B87C,43,43,func_0004B87C
0x0004B8A7,85,85,func_0004B8A7
0x0004B8FC,110,110,func_0004B8FC
0x0004B96A,39,39,func_0004B96A
0x0004B991,35,35,func_0004B991
0x0004B9B4,36,36,func_0004B9B4
0x0004B9D8,27,27,func_0004B9D8
0x0004B9F3,30,30,func_0004B9F3
0x0004BA11,66,66,func_0004BA11
0x0004BA53,30,30,func_0004BA53
0x0004BA71,193,193,func_0004BA71
0x0004BB32,319,319,func_0004BB32
0x0004BC71,36,36,func_0004BC71
0x0004BC95,453,453,func_0004BC95
0x0004BE5A,101,101,func_0004BE5A
0x0004BEBF,275,275,func_0004BEBF
0x0004BFD2,5,5,func_0004BFD2
0x0004BFD7,45,45,func_0004BFD7
0x0004C004,37,38,func_0004C004
0x0004C02A,5,5,func_0004C02A
0x0004C02F,6,6,func_0004C02F
0x0004C035,36,36,func_0004C035
0x0004C059,16,23,func_0004C059
0x0004C070,7,16,func_0004C070
0x0004C080,7,16,func_0004C080
0x0004C090,12,12,func_0004C090
0x0004C09C,28,36,func_0004C09C
0x0004C0C0,49,55,func_0004C0C0
0x0004C0F7,108,108,func_0004C0F7
0x0004C163,46,46,func_0004C163
0x0004C191,28,28,func_0004C191
0x0004C1AD,46,51,func_0004C1AD
0x0004C1E0,56,64,func_0004C1E0
0x0004C220,46,48,func_0004C220
0x0004C250,110,112,func_0004C250
0x0004C2C0,7,16,func_0004C2C0
0x0004C2D0,10,16,func_0004C2D0
0x0004C2E0,299,304,func_0004C2E0
0x0004C410,60,64,func_0004C410
0x0004C450,159,160,func_0004C450
0x0004C4F0,131,144,func_0004C4F0
0x0004C580,110,112,func_0004C580
0x0004C5F0,150,160,func_0004C5F0
0x0004C690,83,96,func_0004C690
0x0004C6F0,83,96,func_0004C6F0
0x0004C750,83,96,func_0004C750
0x0004C7B0,29,32,func_0004C7B0
0x0004C7D0,57,64,func_0004C7D0
0x0004C810,397,424,func_0004C810
0x0004C9B8,872,872,func_0004C9B8
0x0004CD20,33,48,func_0004CD20
0x0004CD50,9,16,func_0004CD50
0x0004CD60,9,16,func_0004CD60
0x0004CD70,36,48,func_0004CD70
0x0004CDA0,17,32,func_0004CDA0
0x0004CDC0,31,32,func_0004CDC0
0x0004CDE0,50,64,func_0004CDE0
0x0004CE20,72,80,func_0004CE20
0x0004CE70,45,48,func_0004CE70
0x0004CEA0,122,128,func_0004CEA0
0x0004CF20,225,240,func_0004CF20
0x0004D010,76,80,func_0004D010
0x0004D060,324,336,func_0004D060
0x0004D1B0,129,144,func_0004D1B0
0x0004D240,107,112,func_0004D240
0x0004D2B0,17,32,func_0004D2B0
0x0004D2D0,19,32,func_0004D2D0
0x0004D2F0,54,64,func_0004D2F0
0x0004D330,184,192,func_0004D330
0x0004D3F0,123,128,func_0004D3F0
0x0004D470,12,12,func_0004D470
0x0004D47C,46,46,func_0004D47C
0x0004D4AA,62,62,func_0004D4AA
0x0004D4E8,35,59,func_0004D4E8
0x0004D523,55,91,func_0004D523
0x0004D57E,28,28,func_0004D57E
0x0004D59A,55,55,func_0004D59A
0x0004D5D1,37,37,func_0004D5D1
0x0004D5F6,28,28,func_0004D5F6
0x0004D612,102,102,func_0004D612
0x0004D678,98,98,func_0004D678
0x0004D6DA,20,20,func_0004D6DA
0x0004D6EE,16,16,func_0004D6EE
0x0004D6FE,16,16,func_0004D6FE
0x0004D70E,136,136,func_0004D70E
0x0004D796,25,25,func_0004D796
0x0004D7AF,40,40,func_0004D7AF
0x0004D7D7,1,1,func_0004D7D7
0x0004D7D8,14,14,func_0004D7D8
0x0004D7E6,5,5,func_0004D7E6
0x0004D7EB,12,12,func_0004D7EB
0x0004D7F7,7,7,func_0004D7F7
0x0004D7FE,16,16,func_0004D7FE
0x0004D80E,12,19,func_0004D80E
0x0004D821,168,168,func_0004D821
0x0004D8C9,87,87,func_0004D8C9
0x0004D920,66,66,func_0004D920
0x0004D962,252,252,func_0004D962
0x0004DA5E,49,50,func_0004DA5E
0x0004DA90,119,119,func_0004DA90
0x0004DB07,31,31,func_0004DB07
0x0004DB26,137,137,func_0004DB26
0x0004DBAF,47,47,func_0004DBAF
0x0004DBDE,171,171,func_0004DBDE
0x0004DC89,6,6,func_0004DC89
0x0004DC8F,191,191,func_0004DC8F
0x0004DD4E,48,48,func_0004DD4E
0x0004DD7E,65,65,func_0004DD7E
0x0004DDBF,50,50,func_0004DDBF
0x0004DDF1,214,214,func_0004DDF1
0x0004DEC7,134,134,func_0004DEC7
0x0004DF4D,5,5,func_0004DF4D
0x0004DF52,89,89,func_0004DF52
0x0004DFAB,15,15,func_0004DFAB
0x0004DFBA,60,60,func_0004DFBA
0x0004DFF6,37,37,func_0004DFF6
0x0004E01B,106,106,func_0004E01B
0x0004E085,236,236,func_0004E085
0x0004E171,217,217,func_0004E171
0x0004E24A,103,103,func_0004E24A
0x0004E2B1,19,19,func_0004E2B1
0x0004E2C4,21,21,func_0004E2C4
0x0004E2D9,31,31,func_0004E2D9
0x0004E2F8,192,192,func_0004E2F8
0x0004E3B8,789,789,func_0004E3B8
0x0004E6CD,25,25,func_0004E6CD
0x0004E6E6,31,42,func_0004E6E6
0x0004E710,180,192,func_0004E710
0x0004E7D0,321,336,func_0004E7D0
0x0004E920,108,112,func_0004E920
0x0004E990,216,224,func_0004E990
0x0004EA70,145,160,func_0004EA70
0x0004EB10,126,128,func_0004EB10
0x0004EB90,145,160,func_0004EB90
0x0004EC30,333,336,func_0004EC30
0x0004ED80,129,144,func_0004ED80
0x0004EE10,181,192,func_0004EE10
0x0004EED0,825,832,func_0004EED0
0x0004F210,170,176,func_0004F210
0x0004F2C0,78,80,func_0004F2C0
0x0004F310,131,144,func_0004F310
0x0004F3A0,214,224,func_0004F3A0
0x0004F480,56,64,func_0004F480
0x0004F4C0,131,144,func_0004F4C0
0x0004F550,233,240,func_0004F550
0x0004F640,22,32,func_0004F640
0x0004F660,7,16,func_0004F660
0x0004F670,132,144,func_0004F670
0x0004F700,7,16,func_0004F700
0x0004F710,3139,3152,func_0004F710
0x00050360,58,64,func_00050360
0x000503A0,729,736,func_000503A0
0x00050680,1451,1456,func_00050680
0x00050C30,246,256,func_00050C30
0x00050D30,125,128,func_00050D30
0x00050DB0,62,64,func_00050DB0
0x00050DF0,36,48,func_00050DF0
0x00050E20,39,48,func_00050E20
0x00050E50,411,416,func_00050E50
0x00050FF0,65,80,func_00050FF0
0x00051040,124,128,func_00051040
0x000510C0,105,112,func_000510C0
0x00051130,273,288,func_00051130
0x00051250,95,96,func_00051250
0x000512B0,455,464,func_000512B0
0x00051480,55,64,func_00051480
0x000514C0,43,48,func_000514C0
0x000514F0,58,64,func_000514F0
0x00051530,162,176,func_00051530
0x000515E0,225,240,func_000515E0
0x000516D0,344,352,func_000516D0
0x00051830,251,256,func_00051830
0x00051930,454,464,func_00051930
0x00051B00,79,80,func_00051B00
0x00051B50,110,112,func_00051B50
0x00051BC0,92,96,func_00051BC0
0x00051C20,46,48,func_00051C20
0x00051C50,160,160,func_00051C50
0x00051CF0,321,336,func_00051CF0
0x00051E40,195,208,func_00051E40
0x00051F10,17,32,func_00051F10
0x00051F30,170,176,func_00051F30
0x00051FE0,141,144,func_00051FE0
0x00052070,105,112,func_00052070
0x000520E0,45,48,func_000520E0
0x00052110,33,48,func_00052110
0x00052140,99,112,func_00052140
0x000521B0,209,224,func_000521B0
0x00052290,165,176,func_00052290
0x00052340,70,80,func_00052340
0x00052390,88,96,func_00052390
0x000523F0,125,128,func_000523F0
0x00052470,464,464,func_00052470
0x00052640,260,272,func_00052640
0x00052750,50,64,func_00052750
0x00052790,227,240,func_00052790
0x00052880,44,48,func_00052880
0x000528B0,418,432,func_000528B0
0x00052A60,82,96,func_00052A60
0x00052AC0,19,32,func_00052AC0
0x00052AE0,54,64,func_00052AE0
0x00052B20,152,160,func_00052B20
0x00052BC0,46,48,func_00052BC0
0x00052BF0,154,156,func_00052BF0
0x00052C8C,40,40,func_00052C8C
0x00052CB4,29,44,func_00052CB4
0x00052CE0,55,64,func_00052CE0
0x00052D20,1936,1936,func_00052D20
0x000534B0,580,592,func_000534B0
0x00053700,29,32,func_00053700
0x00053720,127,128,func_00053720
0x000537A0,114,128,func_000537A0
0x00053820,42,48,func_00053820
0x00053850,162,176,func_00053850
0x00053900,169,176,func_00053900
0x000539B0,215,224,func_000539B0
0x00053A90,215,224,func_00053A90
0x00053B70,142,144,func_00053B70
0x00053C00,144,144,func_00053C00
0x00053C90,108,136,func_00053C90
0x00053D18,496,504,func_00053D18
0x00053F10,153,160,func_00053F10
0x00053FB0,154,156,func_00053FB0
0x0005404C,115,115,func_0005404C
0x000540BF,53,53,func_000540BF
0x000540F4,45,45,func_000540F4
0x00054121,39,39,func_00054121
0x00054148,32,32,func_00054148
0x00054168,38,38,func_00054168
0x0005418E,46,46,func_0005418E
0x000541BC,24,24,func_000541BC
0x000541D4,26,26,func_000541D4
0x000541EE,21,21,func_000541EE
0x00054203,182,198,func_00054203
0x000542C9,356,356,func_000542C9
0x0005442D,494,494,func_0005442D
0x0005461B,94,94,func_0005461B
0x00054679,5,5,func_00054679
0x0005467E,13,13,func_0005467E
0x0005468B,418,418,func_0005468B
0x0005482D,13,13,func_0005482D
0x0005483A,524,524,func_0005483A
0x00054A46,79,79,func_00054A46
0x00054A95,132,132,func_00054A95
0x00054B19,91,91,func_00054B19
0x00054B74,107,107,func_00054B74
0x00054BDF,167,167,func_00054BDF
0x00054C86,76,76,func_00054C86
0x00054CD2,82,82,func_00054CD2
0x00054D24,31,31,func_00054D24
0x00054D43,130,130,func_00054D43
0x00054DC5,44,44,func_00054DC5
0x00054DF1,134,134,func_00054DF1
0x00054E77,104,104,func_00054E77
0x00054EDF,155,155,func_00054EDF
0x00054F7A,502,502,func_00054F7A
0x00055170,119,119,func_00055170
0x000551E7,213,213,func_000551E7
0x000552BC,355,355,func_000552BC
0x0005541F,237,237,func_0005541F
0x0005550C,148,148,func_0005550C
0x000555A0,181,181,func_000555A0
0x00055655,123,123,func_00055655
0x000556D0,277,277,func_000556D0
0x000557E5,196,196,func_000557E5
0x000558A9,329,329,func_000558A9
0x000559F2,67,67,func_000559F2
0x00055A35,222,222,func_00055A35
0x00055B13,41,45,func_00055B13
0x00055B40,48,48,func_00055B40
0x00055B70,97,112,func_00055B70
0x00055BE0,70,80,func_00055BE0
0x00055C30,70,80,func_00055C30
0x00055C80,70,80,func_00055C80
0x00055CD0,148,160,func_00055CD0
0x00055D70,257,272,func_00055D70
0x00055E80,516,528,func_00055E80
0x00056090,409,416,func_00056090
0x00056230,173,176,func_00056230
0x000562E0,31,32,func_000562E0
0x00056300,41,48,func_00056300
0x00056330,22,32,func_00056330
0x00056350,31,32,func_00056350
0x00056370,41,48,func_00056370
0x000563A0,22,32,func_000563A0
0x000563C0,24,24,func_000563C0
0x000563D8,41,41,func_000563D8
0x00056401,54,63,func_00056401
0x00056440,735,736,func_00056440
0x00056720,666,672,func_00056720
0x000569C0,470,480,func_000569C0
0x00056BA0,927,928,func_00056BA0
0x00056F40,359,368,func_00056F40
0x000570B0,64,64,func_000570B0
0x000570F0,235,240,func_000570F0
0x000571E0,83,96,func_000571E0
0x00057240,1620,1632,func_00057240
0x000578A0,315,320,func_000578A0
0x000579E0,903,912,func_000579E0
0x00057D70,395,400,func_00057D70
0x00057F00,449,464,func_00057F00
0x000580D0,287,288,func_000580D0
0x000581F0,966,976,func_000581F0
0x000585C0,111,112,func_000585C0
0x00058630,73,80,func_00058630
0x00058680,732,736,func_00058680
0x00058960,457,464,func_00058960
0x00058B30,4010,4016,func_00058B30
0x00059AE0,34,48,func_00059AE0
0x00059B10,1641,1648,func_00059B10
0x0005A180,7,16,func_0005A180
0x0005A190,701,704,func_0005A190
0x0005A450,129,144,func_0005A450
0x0005A4E0,628,640,func_0005A4E0
0x0005A760,1141,1152,func_0005A760
0x0005ABE0,711,720,func_0005ABE0
0x0005AEB0,290,304,func_0005AEB0
0x0005AFE0,140,144,func_0005AFE0
0x0005B070,335,336,func_0005B070
0x0005B1C0,80,80,func_0005B1C0
0x0005B210,766,768,func_0005B210
0x0005B510,832,832,func_0005B510
0x0005B850,134,144,func_0005B850
0x0005B8E0,969,976,func_0005B8E0
0x0005BCB0,3067,3072,func_0005BCB0
0x0005C8B0,171,176,func_0005C8B0
0x0005C960,132,144,func_0005C960
0x0005C9F0,147,160,func_0005C9F0
0x0005CA90,475,480,func_0005CA90
0x0005CC70,472,480,func_0005CC70
0x0005CE50,145,160,func_0005CE50
0x0005CEF0,145,160,func_0005CEF0
0x0005CF90,120,128,func_0005CF90
0x0005D010,77,80,func_0005D010
0x0005D060,134,144,func_0005D060
0x0005D0F0,89,96,func_0005D0F0
0x0005D150,109,112,func_0005D150
0x0005D1C0,89,96,func_0005D1C0
0x0005D220,108,112,func_0005D220
0x0005D290,31,32,func_0005D290
0x0005D2B0,31,32,func_0005D2B0
0x0005D2D0,155,160,func_0005D2D0
0x0005D370,217,224,func_0005D370
0x0005D450,291,304,func_0005D450
0x0005D580,495,496,func_0005D580
0x0005D770,126,128,func_0005D770
0x0005D7F0,407,416,func_0005D7F0
0x0005D990,183,192,func_0005D990
0x0005DA50,200,208,func_0005DA50
0x0005DB20,220,224,func_0005DB20
0x0005DC00,301,304,func_0005DC00
0x0005DD30,94,96,func_0005DD30
0x0005DD90,396,400,func_0005DD90
0x0005DF20,17,32,func_0005DF20
0x0005DF40,99,100,func_0005DF40
0x0005DFA4,217,217,func_0005DFA4
0x0005E07D,2,2,func_0005E07D
0x0005E07F,18,18,func_0005E07F
0x0005E091,28,28,func_0005E091
0x0005E0AD,63,63,func_0005E0AD
0x0005E0EC,3,19,func_0005E0EC
0x0005E0FF,5,4,func_0005E0FF
0x0005E103,13,13,func_0005E103
0x0005E110,55,64,func_0005E110
0x0005E150,40,48,func_0005E150
0x0005E180,23,32,func_0005E180
0x0005E1A0,46,48,func_0005E1A0
0x0005E1D0,40,48,func_0005E1D0
0x0005E200,40,48,func_0005E200
0x0005E230,35,48,func_0005E230
0x0005E260,48,48,func_0005E260
0x0005E290,57,64,func_0005E290
0x0005E2D0,32,32,func_0005E2D0
0x0005E2F0,80,80,func_0005E2F0
0x0005E340,17,32,func_0005E340
0x0005E360,85,96,func_0005E360
0x0005E3C0,119,128,func_0005E3C0
0x0005E440,9,16,func_0005E440
0x0005E450,141,144,func_0005E450
0x0005E4E0,113,128,func_0005E4E0
0x0005E560,105,112,func_0005E560
0x0005E5D0,22,32,func_0005E5D0
0x0005E5F0,221,224,func_0005E5F0
0x0005E6D0,36,48,func_0005E6D0
0x0005E700,108,112,func_0005E700
0x0005E770,102,112,func_0005E770
0x0005E7E0,270,272,func_0005E7E0
0x0005E8F0,193,208,func_0005E8F0
0x0005E9C0,146,160,func_0005E9C0
0x0005EA60,97,112,func_0005EA60
0x0005EAD0,145,160,func_0005EAD0
0x0005EB70,31,32,func_0005EB70
0x0005EB90,155,160,func_0005EB90
0x0005EC30,98,112,func_0005EC30
0x0005ECA0,466,480,func_0005ECA0
0x0005EE80,423,432,func_0005EE80
0x0005F030,92,124,func_0005F030
0x0005F0AC,489,500,func_0005F0AC
0x0005F2A0,12,16,func_0005F2A0
0x0005F2B0,7,16,func_0005F2B0
0x0005F2C0,147,160,func_0005F2C0
0x0005F360,163,176,func_0005F360
0x0005F410,153,160,func_0005F410
0x0005F4B0,37,48,func_0005F4B0
0x0005F4E0,17,32,func_0005F4E0
0x0005F500,404,416,func_0005F500
0x0005F6A0,324,336,func_0005F6A0
0x0005F7F0,20,32,func_0005F7F0
0x0005F810,31,32,func_0005F810
0x0005F830,72,80,func_0005F830
0x0005F880,31,32,func_0005F880
0x0005F8A0,134,144,func_0005F8A0
0x0005F930,108,112,func_0005F930
0x0005F9A0,171,176,func_0005F9A0
0x0005FA50,61,64,func_0005FA50
0x0005FA90,153,160,func_0005FA90
0x0005FB30,15,16,func_0005FB30
0x0005FB40,177,192,func_0005FB40
0x0005FC00,103,112,func_0005FC00
0x0005FC70,454,464,func_0005FC70
0x0005FE40,392,400,func_0005FE40
0x0005FFD0,220,224,func_0005FFD0
0x000600B0,228,240,func_000600B0
0x000601A0,209,224,func_000601A0
0x00060280,214,224,func_00060280
0x00060360,57,64,func_00060360
0x000603A0,57,64,func_000603A0
0x000603E0,602,608,func_000603E0
0x00060640,310,320,func_00060640
0x00060780,50,64,func_00060780
0x000607C0,163,176,func_000607C0
0x00060870,154,160,func_00060870
0x00060910,307,320,func_00060910
0x00060A50,659,659,func_00060A50
0x00060CE3,175,175,func_00060CE3
0x00060D92,30,30,func_00060D92
0x00060DB0,538,538,func_00060DB0
0x00060FCA,30,30,func_00060FCA
0x00060FE8,644,644,func_00060FE8
0x0006126C,176,176,func_0006126C
0x0006131C,271,271,func_0006131C
0x0006142B,70,70,func_0006142B
0x00061471,402,402,func_00061471
0x00061603,26,26,func_00061603
0x0006161D,18,18,func_0006161D
0x0006162F,70,70,func_0006162F
0x00061675,101,101,func_00061675
0x000616DA,55,55,func_000616DA
0x00061711,31,31,func_00061711
0x00061730,42,42,func_00061730
0x0006175A,13,13,func_0006175A
0x00061767,54,54,func_00061767
0x0006179D,274,274,func_0006179D
0x000618AF,254,254,func_000618AF
0x000619AD,156,156,func_000619AD
0x00061A49,96,96,func_00061A49
0x00061AA9,138,138,func_00061AA9
0x00061B33,103,103,func_00061B33
0x00061B9A,153,153,func_00061B9A
0x00061C33,101,101,func_00061C33
0x00061C98,90,90,func_00061C98
0x00061CF2,139,139,func_00061CF2
0x00061D7D,152,152,func_00061D7D
0x00061E15,52,52,func_00061E15
0x00061E49,88,103,func_00061E49
0x00061EB0,51,64,func_00061EB0
0x00061EF0,111,112,func_00061EF0
0x00061F60,7,16,func_00061F60
0x00061F70,666,672,func_00061F70
0x00062210,27,32,func_00062210
0x00062230,259,272,func_00062230
0x00062340,197,208,func_00062340
0x00062410,7,32,func_00062410
0x00062430,261,262,func_00062430
0x00062536,68,69,func_00062536
0x0006257B,202,203,func_0006257B
0x00062646,10,14,func_00062646
0x00062654,44,45,func_00062654
0x00062681,90,95,func_00062681
0x000626E0,49,64,func_000626E0
0x00062720,180,192,func_00062720
0x000627E0,500,512,func_000627E0
0x000629E0,172,176,func_000629E0
0x00062A90,159,160,func_00062A90
0x00062B30,483,496,func_00062B30
0x00062D20,157,160,func_00062D20
0x00062DC0,180,192,func_00062DC0
0x00062E80,619,624,func_00062E80
0x000630F0,184,192,func_000630F0
0x000631B0,159,160,func_000631B0
0x00063250,605,608,func_00063250
0x000634B0,163,176,func_000634B0
0x00063560,500,512,func_00063560
0x00063760,172,176,func_00063760
0x00063810,516,528,func_00063810
0x00063A20,608,608,func_00063A20
0x00063C80,176,176,func_00063C80
0x00063D30,483,496,func_00063D30
0x00063F20,157,160,func_00063F20
0x00063FC0,499,512,func_00063FC0
0x000641C0,593,608,func_000641C0
0x00064420,161,176,func_00064420
0x000644D0,347,352,func_000644D0
0x00064630,183,192,func_00064630
0x000646F0,235,240,func_000646F0
0x000647E0,714,720,func_000647E0
0x00064AB0,597,608,func_00064AB0
0x00064D10,340,352,func_00064D10
0x00064E70,443,448,func_00064E70
0x00065030,316,320,func_00065030
0x00065170,401,416,func_00065170
0x00065310,388,400,func_00065310
0x000654A0,623,624,func_000654A0
0x00065710,114,128,func_00065710
0x00065790,714,720,func_00065790
0x00065A60,343,352,func_00065A60
0x00065BC0,340,352,func_00065BC0
0x00065D20,300,304,func_00065D20
0x00065E50,316,320,func_00065E50
0x00065F90,284,288,func_00065F90
0x000660B0,272,272,func_000660B0
0x000661C0,193,208,func_000661C0
0x00066290,370,384,func_00066290
0x00066410,318,320,func_00066410
0x00066550,1320,1328,func_00066550
0x00066A80,397,400,func_00066A80
0x00066C10,812,816,func_00066C10
0x00066F40,346,352,func_00066F40
0x000670A0,686,688,func_000670A0
0x00067350,326,336,func_00067350
0x000674A0,659,672,func_000674A0
0x00067740,304,304,func_00067740
0x00067870,572,576,func_00067870
0x00067AB0,285,288,func_00067AB0
0x00067BD0,278,288,func_00067BD0
0x00067CF0,558,560,func_00067CF0
0x00067F20,545,560,func_00067F20
0x00068150,82,96,func_00068150
0x000681B0,107,112,func_000681B0
0x00068220,246,256,func_00068220
0x00068320,107,112,func_00068320
0x00068390,30,48,func_00068390
0x000683C0,138,144,func_000683C0
0x00068450,44,48,func_00068450
0x00068480,98,112,func_00068480
0x000684F0,758,768,func_000684F0
0x000687F0,19,32,func_000687F0
0x00068810,246,256,func_00068810
0x00068910,12,16,func_00068910
0x00068920,56,64,func_00068920
0x00068960,89,96,func_00068960
0x000689C0,418,432,func_000689C0
0x00068B70,7,16,func_00068B70
0x00068B80,40,48,func_00068B80
0x00068BB0,254,256,func_00068BB0
0x00068CB0,219,224,func_00068CB0
0x00068D90,215,224,func_00068D90
0x00068E70,53,64,func_00068E70
0x00068EB0,53,64,func_00068EB0
0x00068EF0,44,48,func_00068EF0
0x00068F20,44,48,func_00068F20
0x00068F50,12,16,func_00068F50
0x00068F60,60,64,func_00068F60
0x00068FA0,60,64,func_00068FA0
0x00068FE0,373,384,func_00068FE0
0x00069160,103,112,func_00069160
0x000691D0,103,112,func_000691D0
0x00069240,570,600,func_00069240
0x00069498,405,408,func_00069498
0x00069630,12,16,func_00069630
0x00069640,12,16,func_00069640
0x00069650,12,16,func_00069650
0x00069660,51,64,func_00069660
0x000696A0,14,16,func_000696A0
0x000696B0,28,32,func_000696B0
0x000696D0,127,128,func_000696D0
0x00069750,77,80,func_00069750
0x000697A0,109,112,func_000697A0
0x00069810,73,80,func_00069810
0x00069860,22,32,func_00069860
0x00069880,25,32,func_00069880
0x000698A0,36,48,func_000698A0
0x000698D0,167,176,func_000698D0
0x00069980,93,96,func_00069980
0x000699E0,75,75,func_000699E0
0x00069A2B,48,48,func_00069A2B
0x00069A5B,91,101,func_00069A5B
0x00069AC0,530,544,func_00069AC0
0x00069CE0,493,496,func_00069CE0
0x00069ED0,126,128,func_00069ED0
0x00069F50,693,704,func_00069F50
0x0006A210,1417,1424,func_0006A210
0x0006A7A0,521,528,func_0006A7A0
0x0006A9B0,486,496,func_0006A9B0
0x0006ABA0,30,32,func_0006ABA0
0x0006ABC0,148,160,func_0006ABC0
0x0006AC60,349,352,func_0006AC60
0x0006ADC0,36,48,func_0006ADC0
0x0006ADF0,94,96,func_0006ADF0
0x0006AE50,104,112,func_0006AE50
0x0006AEC0,39,48,func_0006AEC0
0x0006AEF0,39,48,func_0006AEF0
0x0006AF20,363,368,func_0006AF20
0x0006B090,277,288,func_0006B090
0x0006B1B0,243,256,func_0006B1B0
0x0006B2B0,12,16,func_0006B2B0
0x0006B2C0,31,31,func_0006B2C0
0x0006B2DF,194,209,func_0006B2DF
0x0006B3B0,17,32,func_0006B3B0
0x0006B3D0,43,48,func_0006B3D0
0x0006B400,52,64,func_0006B400
0x0006B440,150,160,func_0006B440
0x0006B4E0,88,96,func_0006B4E0
0x0006B540,80,80,func_0006B540
0x0006B590,107,112,func_0006B590
0x0006B600,23,24,func_0006B600
0x0006B618,51,51,func_0006B618
0x0006B64B,73,73,func_0006B64B
0x0006B694,80,80,func_0006B694
0x0006B6E4,62,62,func_0006B6E4
0x0006B722,41,41,func_0006B722
0x0006B74B,41,41,func_0006B74B
0x0006B774,32,32,func_0006B774
0x0006B794,5,5,func_0006B794
0x0006B799,5,5,func_0006B799
0x0006B79E,5,5,func_0006B79E
0x0006B7A3,5,13,func_0006B7A3
0x0006B7B0,188,188,func_0006B7B0
0x0006B86C,17,17,func_0006B86C
0x0006B87D,133,133,func_0006B87D
0x0006B902,7,7,func_0006B902
0x0006B909,5,5,func_0006B909
0x0006B90E,102,102,func_0006B90E
0x0006B974,1,12,func_0006B974
0x0006B980,61,64,func_0006B980
0x0006B9C0,73,80,func_0006B9C0
0x0006BA10,25,32,func_0006BA10
0x0006BA30,177,192,func_0006BA30
0x0006BAF0,28,32,func_0006BAF0
0x0006BB10,245,256,func_0006BB10
0x0006BC10,115,128,func_0006BC10
0x0006BC90,41,48,func_0006BC90
0x0006BCC0,119,128,func_0006BCC0
0x0006BD40,46,48,func_0006BD40
0x0006BD70,47,47,func_0006BD70
0x0006BD9F,74,81,func_0006BD9F
0x0006BDF0,44,48,func_0006BDF0
0x0006BE20,38,48,func_0006BE20
0x0006BE50,566,576,func_0006BE50
0x0006C090,86,96,func_0006C090
0x0006C0F0,117,128,func_0006C0F0
0x0006C170,264,272,func_0006C170
0x0006C280,47,48,func_0006C280
0x0006C2B0,128,128,func_0006C2B0
0x0006C330,35,48,func_0006C330
0x0006C360,118,128,func_0006C360
0x0006C3E0,58,64,func_0006C3E0
0x0006C420,58,64,func_0006C420
0x0006C460,198,208,func_0006C460
0x0006C530,300,304,func_0006C530
0x0006C660,73,80,func_0006C660
0x0006C6B0,92,96,func_0006C6B0
0x0006C710,1045,1045,func_0006C710
0x0006CB25,37,37,func_0006CB25
0x0006CB4A,74,74,func_0006CB4A
0x0006CB94,27,28,func_0006CB94
0x0006CBB0,14,14,func_0006CBB0
0x0006CBBE,56,56,func_0006CBBE
0x0006CBF6,37,37,func_0006CBF6
0x0006CC1B,77,77,func_0006CC1B
0x0006CC68,52,52,func_0006CC68
0x0006CC9C,3,19,func_0006CC9C
0x0006CCAF,2,72,func_0006CCAF
0x0006CCF7,2,153,func_0006CCF7
0x0006CD90,2,3,func_0006CD90
0x0006CD93,2,3,func_0006CD93
0x0006CD96,2,6,func_0006CD96
0x0006CD9C,2,3,func_0006CD9C
0x0006CD9F,2,3,func_0006CD9F
0x0006CDA2,2,27,func_0006CDA2
0x0006CDBD,2,24,func_0006CDBD
0x0006CDD5,8,240,func_0006CDD5
0x0006CEC5,8,215,func_0006CEC5
0x0006CF9C,19,19,func_0006CF9C
0x0006CFAF,79,79,func_0006CFAF
0x0006CFFE,75,75,func_0006CFFE
0x0006D049,79,79,func_0006D049
0x0006D098,189,189,func_0006D098
0x0006D155,233,235,func_0006D155
0x0006D240,439,448,func_0006D240
0x0006D400,431,432,func_0006D400
0x0006D5B0,1176,1184,func_0006D5B0
0x0006DA50,699,704,func_0006DA50
0x0006DD10,225,240,func_0006DD10
0x0006DE00,69,80,func_0006DE00
0x0006DE50,234,240,func_0006DE50
0x0006DF40,384,400,func_0006DF40
0x0006E0D0,49,64,func_0006E0D0
0x0006E110,515,528,func_0006E110
0x0006E320,520,528,func_0006E320
0x0006E530,258,272,func_0006E530
0x0006E640,131,144,func_0006E640
0x0006E6D0,133,144,func_0006E6D0
0x0006E760,422,432,func_0006E760
0x0006E910,603,608,func_0006E910
0x0006EB70,271,272,func_0006EB70
0x0006EC80,655,655,func_0006EC80
0x0006EF0F,130,130,func_0006EF0F
0x0006EF91,546,546,func_0006EF91
0x0006F1B3,217,217,func_0006F1B3
0x0006F28C,53,53,func_0006F28C
0x0006F2C1,134,134,func_0006F2C1
0x0006F347,238,238,func_0006F347
0x0006F435,94,94,func_0006F435
0x0006F493,67,67,func_0006F493
0x0006F4D6,230,230,func_0006F4D6
0x0006F5BC,734,734,func_0006F5BC
0x0006F89A,504,504,func_0006F89A
0x0006FA92,39,39,func_0006FA92
0x0006FAB9,35,35,func_0006FAB9
0x0006FADC,62,68,func_0006FADC
0x0006FB20,19,19,func_0006FB20
0x0006FB33,48,48,func_0006FB33
0x0006FB63,37,37,func_0006FB63
0x0006FB88,14,14,func_0006FB88
0x0006FB96,57,57,func_0006FB96
0x0006FBCF,135,135,func_0006FBCF
0x0006FC56,20,20,func_0006FC56
0x0006FC6A,12,12,func_0006FC6A
0x0006FC76,95,95,func_0006FC76
0x0006FCD5,119,119,func_0006FCD5
0x0006FD4C,145,145,func_0006FD4C
0x0006FDDD,20,20,func_0006FDDD
0x0006FDF1,61,61,func_0006FDF1
0x0006FE2E,74,74,func_0006FE2E
0x0006FE78,44,44,func_0006FE78
0x0006FEA4,21,21,func_0006FEA4
0x0006FEB9,1,1,func_0006FEB9
0x0006FEBA,14,14,func_0006FEBA
0x0006FEC8,36,36,func_0006FEC8
0x0006FEEC,26,26,func_0006FEEC
0x0006FF06,17,29,func_0006FF06
0x0006FF23,93,93,func_0006FF23
0x0006FF80,30,30,func_0006FF80
0x0006FF9E,85,85,func_0006FF9E
0x0006FFF3,21,21,func_0006FFF3
0x00070008,195,195,func_00070008
0x000700CB,340,340,func_000700CB
0x0007021F,91,91,func_0007021F
0x0007027A,44,44,func_0007027A
0x000702A6,75,90,func_000702A6
0x00070300,25,32,func_00070300
0x00070320,66,80,func_00070320
0x00070370,46,48,func_00070370
0x000703A0,87,96,func_000703A0
0x00070400,51,64,func_00070400
0x00070440,75,80,func_00070440
0x00070490,152,160,func_00070490
0x00070530,138,144,func_00070530
0x000705C0,89,96,func_000705C0
0x00070620,44,48,func_00070620
0x00070650,78,80,func_00070650
0x000706A0,75,80,func_000706A0
0x000706F0,225,240,func_000706F0
0x000707E0,26,32,func_000707E0
0x00070800,376,384,func_00070800
0x00070980,169,176,func_00070980
0x00070A30,100,112,func_00070A30
0x00070AA0,37,48,func_00070AA0
0x00070AD0,279,288,func_00070AD0
0x00070BF0,61,64,func_00070BF0
0x00070C30,64,64,func_00070C30
0x00070C70,148,160,func_00070C70
0x00070D10,230,230,func_00070D10
0x00070DF6,81,81,func_00070DF6
0x00070E47,41,41,func_00070E47
0x00070E70,41,41,func_00070E70
0x00070E99,182,192,func_00070E99
0x00070F59,44,63,func_00070F59
0x00070F98,32,54,func_00070F98
0x00070FCE,144,144,func_00070FCE
0x0007105E,21,27,func_0007105E
0x00071079,60,60,func_00071079
0x000710B5,444,444,func_000710B5
0x00071271,563,563,func_00071271
0x000714A4,203,204,func_000714A4
0x00071570,24,24,func_00071570
0x00071588,6,6,func_00071588
0x0007158E,6,6,func_0007158E
0x00071594,17,17,func_00071594
0x000715A5,120,120,func_000715A5
0x0007161D,12,12,func_0007161D
0x00071629,5,5,func_00071629
0x0007162E,82,82,func_0007162E
0x00071680,5,5,func_00071680
0x00071685,47,47,func_00071685
0x000716B4,29,29,func_000716B4
0x000716D1,124,124,func_000716D1
0x0007174D,227,227,func_0007174D
0x00071830,94,94,func_00071830
0x0007188E,31,31,func_0007188E
0x000718AD,26,26,func_000718AD
0x000718C7,641,641,func_000718C7
0x00071B48,307,307,func_00071B48
0x00071C7B,91,91,func_00071C7B
0x00071CD6,36,36,func_00071CD6
0x00071CFA,35,35,func_00071CFA
0x00071D1D,97,97,func_00071D1D
0x00071D7E,219,219,func_00071D7E
0x00071E59,7,7,func_00071E59
0x00071E60,1097,1097,func_00071E60
0x000722A9,24,24,func_000722A9
0x000722C1,55,55,func_000722C1
0x000722F8,60,60,func_000722F8
0x00072334,21,21,func_00072334
0x00072349,92,92,func_00072349
0x000723A5,61,61,func_000723A5
0x000723E2,21,21,func_000723E2
0x000723F7,21,21,func_000723F7
0x0007240C,215,215,func_0007240C
0x000724E3,58,58,func_000724E3
0x0007251D,494,494,func_0007251D
0x0007270B,360,360,func_0007270B
0x00072873,408,408,func_00072873
0x00072A0B,42,42,func_00072A0B
0x00072A35,53,53,func_00072A35
0x00072A6A,160,160,func_00072A6A
0x00072B0A,26,26,func_00072B0A
0x00072B24,21,21,func_00072B24
0x00072B39,21,21,func_00072B39
0x00072B4E,1123,1123,func_00072B4E
0x00072FB1,477,477,func_00072FB1
0x0007318E,201,201,func_0007318E
0x00073257,284,284,func_00073257
0x00073373,113,113,func_00073373
0x000733E4,35,35,func_000733E4
0x00073407,35,35,func_00073407
0x0007342A,35,35,func_0007342A
0x0007344D,35,35,func_0007344D
0x00073470,35,35,func_00073470
0x00073493,21,21,func_00073493
0x000734A8,21,21,func_000734A8
0x000734BD,66,66,func_000734BD
0x000734FF,136,136,func_000734FF
0x00073587,118,118,func_00073587
0x000735FD,118,118,func_000735FD
0x00073673,118,118,func_00073673
0x000736E9,134,134,func_000736E9
0x0007376F,118,118,func_0007376F
0x000737E5,134,134,func_000737E5
0x0007386B,118,118,func_0007386B
0x000738E1,118,118,func_000738E1
0x00073957,100,100,func_00073957
0x000739BB,138,138,func_000739BB
0x00073A45,66,66,func_00073A45
0x00073A87,122,122,func_00073A87
0x00073B01,21,21,func_00073B01
0x00073B16,21,21,func_00073B16
0x00073B2B,384,384,func_00073B2B
0x00073CAB,114,114,func_00073CAB
0x00073D1D,110,110,func_00073D1D
0x00073D8B,21,21,func_00073D8B
0x00073DA0,29,30,func_00073DA0
0x00073DBE,1,1,func_00073DBE
0x00073DBF,1,1,func_00073DBF
0x00073DC0,122,122,func_00073DC0
0x00073E3A,128,128,func_00073E3A
0x00073EBA,44,44,func_00073EBA
0x00073EE6,76,76,func_00073EE6
0x00073F32,79,79,func_00073F32
0x00073F81,81,81,func_00073F81
0x00073FD2,139,139,func_00073FD2
0x0007405D,100,100,func_0007405D
0x000740C1,117,117,func_000740C1
0x00074136,70,70,func_00074136
0x0007417C,149,149,func_0007417C
0x00074211,118,118,func_00074211
0x00074287,89,89,func_00074287
0x000742E0,142,142,func_000742E0
0x0007436E,139,139,func_0007436E
0x000743F9,271,271,func_000743F9
0x00074508,81,81,func_00074508
0x00074559,49,65,func_00074559
0x0007459A,892,892,func_0007459A
0x00074916,73,73,func_00074916
0x0007495F,239,239,func_0007495F
0x00074A4E,152,152,func_00074A4E
0x00074AE6,696,696,func_00074AE6
0x00074D9E,31,34,func_00074D9E
0x00074DC0,13,13,func_00074DC0
0x00074DCD,13,13,func_00074DCD
0x00074DDA,13,13,func_00074DDA
0x00074DE7,13,13,func_00074DE7
0x00074DF4,5,5,func_00074DF4
0x00074DF9,5,5,func_00074DF9
0x00074DFE,5,5,func_00074DFE
0x00074E03,5,5,func_00074E03
0x00074E08,5,5,func_00074E08
0x00074E0D,5,5,func_00074E0D
0x00074E12,5,7,func_00074E12
0x00074E19,3,3,func_00074E19
0x00074E1C,29,32,func_00074E1C
0x00074E3C,79,79,func_00074E3C
0x00074E8B,78,78,func_00074E8B
0x00074ED9,53,53,func_00074ED9
0x00074F0E,52,52,func_00074F0E
0x00074F42,40,46,func_00074F42
0x00074F70,222,224,func_00074F70
0x00075050,65,80,func_00075050
0x000750A0,225,240,func_000750A0
0x00075190,34,48,func_00075190
0x000751C0,192,192,func_000751C0
0x00075280,512,512,func_00075280
0x00075480,34,48,func_00075480
0x000754B0,533,544,func_000754B0
0x000756D0,1043,1043,func_000756D0
0x00075AE3,52,52,func_00075AE3
0x00075B17,43,44,func_00075B17
0x00075B43,176,176,func_00075B43
0x00075BF3,106,106,func_00075BF3
0x00075C5D,23,23,func_00075C5D
0x00075C74,71,69,func_00075C74
0x00075CB9,15,46,func_00075CB9
0x00075CE7,24,27,func_00075CE7
0x00075D02,64,64,func_00075D02
0x00075D42,5,5,func_00075D42
0x00075D47,545,545,func_00075D47
0x00075F68,267,267,func_00075F68
0x00076073,109,109,func_00076073
0x000760E0,132,132,func_000760E0
0x00076164,42,42,func_00076164
0x0007618E,32,32,func_0007618E
0x000761AE,46,46,func_000761AE
0x000761DC,35,35,func_000761DC
0x000761FF,84,84,func_000761FF
0x00076253,33,33,func_00076253
0x00076274,46,46,func_00076274
0x000762A2,195,195,func_000762A2
0x00076365,62,62,func_00076365
0x000763A3,62,62,func_000763A3
0x000763E1,62,62,func_000763E1
0x0007641F,62,62,func_0007641F
0x0007645D,62,62,func_0007645D
0x0007649B,62,62,func_0007649B
0x000764D9,62,62,func_000764D9
0x00076517,62,62,func_00076517
0x00076555,62,62,func_00076555
0x00076593,62,62,func_00076593
0x000765D1,62,62,func_000765D1
0x0007660F,62,62,func_0007660F
0x0007664D,62,62,func_0007664D
0x0007668B,62,62,func_0007668B
0x000766C9,62,62,func_000766C9
0x00076707,62,62,func_00076707
0x00076745,62,62,func_00076745
0x00076783,62,62,func_00076783
0x000767C1,62,62,func_000767C1
0x000767FF,62,62,func_000767FF
0x0007683D,62,62,func_0007683D
0x0007687B,62,62,func_0007687B
0x000768B9,62,62,func_000768B9
0x000768F7,62,62,func_000768F7
0x00076935,62,62,func_00076935
0x00076973,62,62,func_00076973
0x000769B1,62,62,func_000769B1
0x000769EF,62,62,func_000769EF
0x00076A2D,62,62,func_00076A2D
0x00076A6B,62,62,func_00076A6B
0x00076AA9,62,62,func_00076AA9
0x00076AE7,62,62,func_00076AE7
0x00076B25,62,62,func_00076B25
0x00076B63,62,62,func_00076B63
0x00076BA1,62,62,func_00076BA1
0x00076BDF,62,62,func_00076BDF
0x00076C1D,62,62,func_00076C1D
0x00076C5B,62,62,func_00076C5B
0x00076C99,62,62,func_00076C99
0x00076CD7,62,62,func_00076CD7
0x00076D15,62,62,func_00076D15
0x00076D53,62,62,func_00076D53
0x00076D91,62,62,func_00076D91
0x00076DCF,62,62,func_00076DCF
0x00076E0D,62,62,func_00076E0D
0x00076E4B,62,62,func_00076E4B
0x00076E89,62,62,func_00076E89
0x00076EC7,62,62,func_00076EC7
0x00076F05,62,62,func_00076F05
0x00076F43,62,62,func_00076F43
0x00076F81,62,62,func_00076F81
0x00076FBF,62,62,func_00076FBF
0x00076FFD,62,62,func_00076FFD
0x0007703B,62,62,func_0007703B
0x00077079,62,62,func_00077079
0x000770B7,62,62,func_000770B7
0x000770F5,62,62,func_000770F5
0x00077133,62,62,func_00077133
0x00077171,62,62,func_00077171
0x000771AF,62,62,func_000771AF
0x000771ED,62,62,func_000771ED
0x0007722B,62,62,func_0007722B
0x00077269,62,62,func_00077269
0x000772A7,62,62,func_000772A7
0x000772E5,70,70,func_000772E5
0x0007732B,46,46,func_0007732B
0x00077359,65,65,func_00077359
0x0007739A,54,54,func_0007739A
0x000773D0,69,69,func_000773D0
0x00077415,53,53,func_00077415
0x0007744A,65,65,func_0007744A
0x0007748B,50,50,func_0007748B
0x000774BD,50,50,func_000774BD
0x000774EF,54,54,func_000774EF
0x00077525,54,54,func_00077525
0x0007755B,65,65,func_0007755B
0x0007759C,64,64,func_0007759C
0x000775DC,62,62,func_000775DC
0x0007761A,63,63,func_0007761A
0x00077659,64,64,func_00077659
0x00077699,63,63,func_00077699
0x000776D8,61,61,func_000776D8
0x00077715,62,62,func_00077715
0x00077753,46,46,func_00077753
0x00077781,76,76,func_00077781
0x000777CD,54,54,func_000777CD
0x00077803,54,54,func_00077803
0x00077839,69,69,func_00077839
0x0007787E,69,69,func_0007787E
0x000778C3,58,58,func_000778C3
0x000778FD,67,67,func_000778FD
0x00077940,57,57,func_00077940
0x00077979,63,63,func_00077979
0x000779B8,65,65,func_000779B8
0x000779F9,65,65,func_000779F9
0x00077A3A,63,63,func_00077A3A
0x00077A79,70,70,func_00077A79
0x00077ABF,64,64,func_00077ABF
0x00077AFF,68,68,func_00077AFF
0x00077B43,62,62,func_00077B43
0x00077B81,57,57,func_00077B81
0x00077BBA,67,67,func_00077BBA
0x00077BFD,56,56,func_00077BFD
0x00077C35,63,63,func_00077C35
0x00077C74,66,66,func_00077C74
0x00077CB6,66,66,func_00077CB6
0x00077CF8,64,64,func_00077CF8
0x00077D38,64,64,func_00077D38
0x00077D78,67,67,func_00077D78
0x00077DBB,55,55,func_00077DBB
0x00077DF2,54,54,func_00077DF2
0x00077E28,67,67,func_00077E28
0x00077E6B,53,53,func_00077E6B
0x00077EA0,63,63,func_00077EA0
0x00077EDF,63,63,func_00077EDF
0x00077F1E,54,54,func_00077F1E
0x00077F54,52,52,func_00077F54
0x00077F88,65,65,func_00077F88
0x00077FC9,67,67,func_00077FC9
0x0007800C,68,68,func_0007800C
0x00078050,67,67,func_00078050
0x00078093,67,67,func_00078093
0x000780D6,67,67,func_000780D6
0x00078119,65,65,func_00078119
0x0007815A,67,67,func_0007815A
0x0007819D,68,68,func_0007819D
0x000781E1,69,69,func_000781E1
0x00078226,66,66,func_00078226
0x00078268,51,51,func_00078268
0x0007829B,45,45,func_0007829B
0x000782C8,61,61,func_000782C8
0x00078305,37,37,func_00078305
0x0007832A,61,61,func_0007832A
0x00078367,38,38,func_00078367
0x0007838D,37,37,func_0007838D
0x000783B2,62,62,func_000783B2
0x000783F0,63,63,func_000783F0
0x0007842F,59,59,func_0007842F
0x0007846A,58,58,func_0007846A
0x000784A4,45,45,func_000784A4
0x000784D1,45,45,func_000784D1
0x000784FE,40,40,func_000784FE
0x00078526,40,40,func_00078526
0x0007854E,45,45,func_0007854E
0x0007857B,45,45,func_0007857B
0x000785A8,47,47,func_000785A8
0x000785D7,47,47,func_000785D7
0x00078606,45,45,func_00078606
0x00078633,72,72,func_00078633
0x0007867B,37,37,func_0007867B
0x000786A0,37,37,func_000786A0
0x000786C5,37,37,func_000786C5
0x000786EA,61,61,func_000786EA
0x00078727,48,48,func_00078727
0x00078757,61,61,func_00078757
0x00078794,49,49,func_00078794
0x000787C5,51,51,func_000787C5
0x000787F8,56,56,func_000787F8
0x00078830,56,56,func_00078830
0x00078868,63,63,func_00078868
0x000788A7,51,51,func_000788A7
0x000788DA,45,45,func_000788DA
0x00078907,50,50,func_00078907
0x00078939,47,47,func_00078939
0x00078968,49,49,func_00078968
0x00078999,61,61,func_00078999
0x000789D6,50,50,func_000789D6
0x00078A08,51,51,func_00078A08
0x00078A3B,40,40,func_00078A3B
0x00078A63,45,45,func_00078A63
0x00078A90,39,39,func_00078A90
0x00078AB7,33,33,func_00078AB7
0x00078AD8,61,61,func_00078AD8
0x00078B15,45,45,func_00078B15
0x00078B42,46,46,func_00078B42
0x00078B70,61,61,func_00078B70
0x00078BAD,47,47,func_00078BAD
0x00078BDC,51,51,func_00078BDC
0x00078C0F,51,51,func_00078C0F
0x00078C42,46,46,func_00078C42
0x00078C70,66,66,func_00078C70
0x00078CB2,49,49,func_00078CB2
0x00078CE3,55,55,func_00078CE3
0x00078D1A,65,65,func_00078D1A
0x00078D5B,59,59,func_00078D5B
0x00078D96,51,51,func_00078D96
0x00078DC9,48,48,func_00078DC9
0x00078DF9,50,50,func_00078DF9
0x00078E2B,59,59,func_00078E2B
0x00078E66,65,65,func_00078E66
0x00078EA7,56,56,func_00078EA7
0x00078EDF,56,57,func_00078EDF
0x00078F18,63,63,func_00078F18
0x00078F57,106,106,func_00078F57
0x00078FC1,45,45,func_00078FC1
0x00078FEE,61,61,func_00078FEE
0x0007902B,200,200,func_0007902B
0x000790F3,65,65,func_000790F3
0x00079134,73,73,func_00079134
0x0007917D,113,113,func_0007917D
0x000791EE,71,71,func_000791EE
0x00079235,77,77,func_00079235
0x00079282,71,71,func_00079282
0x000792C9,89,89,func_000792C9
0x00079322,88,88,func_00079322
0x0007937A,88,88,func_0007937A
0x000793D2,94,94,func_000793D2
0x00079430,94,94,func_00079430
0x0007948E,82,82,func_0007948E
0x000794E0,82,82,func_000794E0
0x00079532,85,85,func_00079532
0x00079587,85,85,func_00079587
0x000795DC,91,91,func_000795DC
0x00079637,91,91,func_00079637
0x00079692,91,91,func_00079692
0x000796ED,91,91,func_000796ED
0x00079748,73,73,func_00079748
0x00079791,61,61,func_00079791
0x000797CE,71,71,func_000797CE
0x00079815,71,71,func_00079815
0x0007985C,77,77,func_0007985C
0x000798A9,89,89,func_000798A9
0x00079902,69,69,func_00079902
0x00079947,95,95,func_00079947
0x000799A6,69,69,func_000799A6
0x000799EB,101,101,func_000799EB
0x00079A50,98,98,func_00079A50
0x00079AB2,98,98,func_00079AB2
0x00079B14,113,113,func_00079B14
0x00079B85,65,65,func_00079B85
0x00079BC6,91,91,func_00079BC6
0x00079C21,65,65,func_00079C21
0x00079C62,91,91,func_00079C62
0x00079CBD,69,69,func_00079CBD
0x00079D02,95,95,func_00079D02
0x00079D61,69,69,func_00079D61
0x00079DA6,101,101,func_00079DA6
0x00079E0B,67,67,func_00079E0B
0x00079E4E,73,73,func_00079E4E
0x00079E97,67,67,func_00079E97
0x00079EDA,79,79,func_00079EDA
0x00079F29,95,95,func_00079F29
0x00079F88,82,82,func_00079F88
0x00079FDA,82,82,func_00079FDA
0x0007A02C,95,95,func_0007A02C
0x0007A08B,82,82,func_0007A08B
0x0007A0DD,101,101,func_0007A0DD
0x0007A142,101,101,func_0007A142
0x0007A1A7,82,82,func_0007A1A7
0x0007A1F9,69,69,func_0007A1F9
0x0007A23E,78,78,func_0007A23E
0x0007A28C,80,80,func_0007A28C
0x0007A2DC,91,91,func_0007A2DC
0x0007A337,94,94,func_0007A337
0x0007A395,83,83,func_0007A395
0x0007A3E8,78,78,func_0007A3E8
0x0007A436,83,83,func_0007A436
0x0007A489,94,94,func_0007A489
0x0007A4E7,91,91,func_0007A4E7
0x0007A542,80,80,func_0007A542
0x0007A592,98,98,func_0007A592
0x0007A5F4,95,95,func_0007A5F4
0x0007A653,65,65,func_0007A653
0x0007A694,84,84,func_0007A694
0x0007A6E8,67,67,func_0007A6E8
0x0007A72B,112,112,func_0007A72B
0x0007A79B,65,65,func_0007A79B
0x0007A7DC,108,108,func_0007A7DC
0x0007A848,87,87,func_0007A848
0x0007A89F,86,86,func_0007A89F
0x0007A8F5,83,83,func_0007A8F5
0x0007A948,84,84,func_0007A948
0x0007A99C,84,84,func_0007A99C
0x0007A9F0,83,83,func_0007A9F0
0x0007AA43,81,81,func_0007AA43
0x0007AA94,82,82,func_0007AA94
0x0007AAE6,77,77,func_0007AAE6
0x0007AB33,76,76,func_0007AB33
0x0007AB7F,74,74,func_0007AB7F
0x0007ABC9,75,75,func_0007ABC9
0x0007AC14,65,65,func_0007AC14
0x0007AC55,119,119,func_0007AC55
0x0007ACCC,67,67,func_0007ACCC
0x0007AD0F,67,67,func_0007AD0F
0x0007AD52,112,112,func_0007AD52
0x0007ADC2,112,112,func_0007ADC2
0x0007AE32,80,80,func_0007AE32
0x0007AE82,98,98,func_0007AE82
0x0007AEE4,78,78,func_0007AEE4
0x0007AF32,94,94,func_0007AF32
0x0007AF90,96,96,func_0007AF90
0x0007AFF0,96,96,func_0007AFF0
0x0007B050,82,82,func_0007B050
0x0007B0A2,95,95,func_0007B0A2
0x0007B101,77,77,func_0007B101
0x0007B14E,93,93,func_0007B14E
0x0007B1AB,75,75,func_0007B1AB
0x0007B1F6,79,79,func_0007B1F6
0x0007B245,98,98,func_0007B245
0x0007B2A7,77,77,func_0007B2A7
0x0007B2F4,94,94,func_0007B2F4
0x0007B352,82,82,func_0007B352
0x0007B3A4,91,91,func_0007B3A4
0x0007B3FF,80,80,func_0007B3FF
0x0007B44F,89,89,func_0007B44F
0x0007B4A8,98,98,func_0007B4A8
0x0007B50A,71,71,func_0007B50A
0x0007B551,69,69,func_0007B551
0x0007B596,98,98,func_0007B596
0x0007B5F8,68,68,func_0007B5F8
0x0007B63C,94,94,func_0007B63C
0x0007B69A,94,94,func_0007B69A
0x0007B6F8,70,70,func_0007B6F8
0x0007B73E,89,89,func_0007B73E
0x0007B797,84,84,func_0007B797
0x0007B7EB,95,95,func_0007B7EB
0x0007B84A,99,99,func_0007B84A
0x0007B8AD,98,98,func_0007B8AD
0x0007B90F,95,95,func_0007B90F
0x0007B96E,86,86,func_0007B96E
0x0007B9C4,93,93,func_0007B9C4
0x0007BA21,98,98,func_0007BA21
0x0007BA83,99,99,func_0007BA83
0x0007BAE6,97,97,func_0007BAE6
0x0007BB47,97,97,func_0007BB47
0x0007BBA8,87,87,func_0007BBA8
0x0007BBFF,63,63,func_0007BBFF
0x0007BC3E,80,80,func_0007BC3E
0x0007BC8E,61,61,func_0007BC8E
0x0007BCCB,87,87,func_0007BCCB
0x0007BD22,63,63,func_0007BD22
0x0007BD61,91,91,func_0007BD61
0x0007BDBC,85,85,func_0007BDBC
0x0007BE11,87,87,func_0007BE11
0x0007BE68,90,90,func_0007BE68
0x0007BEC2,88,88,func_0007BEC2
0x0007BF1A,71,71,func_0007BF1A
0x0007BF61,72,72,func_0007BF61
0x0007BFA9,74,74,func_0007BFA9
0x0007BFF3,73,73,func_0007BFF3
0x0007C03C,69,69,func_0007C03C
0x0007C081,70,70,func_0007C081
0x0007C0C7,72,72,func_0007C0C7
0x0007C10F,71,71,func_0007C10F
0x0007C156,63,63,func_0007C156
0x0007C195,115,115,func_0007C195
0x0007C208,61,61,func_0007C208
0x0007C245,61,61,func_0007C245
0x0007C282,87,87,func_0007C282
0x0007C2D9,87,87,func_0007C2D9
0x0007C330,75,75,func_0007C330
0x0007C37B,83,83,func_0007C37B
0x0007C3CE,77,77,func_0007C3CE
0x0007C41B,87,87,func_0007C41B
0x0007C472,86,86,func_0007C472
0x0007C4C8,86,86,func_0007C4C8
0x0007C51E,82,82,func_0007C51E
0x0007C570,87,87,func_0007C570
0x0007C5C7,69,69,func_0007C5C7
0x0007C60C,87,87,func_0007C60C
0x0007C663,71,71,func_0007C663
0x0007C6AA,76,76,func_0007C6AA
0x0007C6F6,84,84,func_0007C6F6
0x0007C74A,78,78,func_0007C74A
0x0007C798,88,88,func_0007C798
0x0007C7F0,73,73,func_0007C7F0
0x0007C839,73,73,func_0007C839
0x0007C882,73,73,func_0007C882
0x0007C8CB,75,75,func_0007C8CB
0x0007C916,83,83,func_0007C916
0x0007C969,66,66,func_0007C969
0x0007C9AB,68,68,func_0007C9AB
0x0007C9EF,84,84,func_0007C9EF
0x0007CA43,69,69,func_0007CA43
0x0007CA88,88,88,func_0007CA88
0x0007CAE0,87,87,func_0007CAE0
0x0007CB37,67,67,func_0007CB37
0x0007CB7A,91,91,func_0007CB7A
0x0007CBD5,80,80,func_0007CBD5
0x0007CC25,85,85,func_0007CC25
0x0007CC7A,92,92,func_0007CC7A
0x0007CCD6,92,92,func_0007CCD6
0x0007CD32,87,87,func_0007CD32
0x0007CD89,78,78,func_0007CD89
0x0007CDD7,87,87,func_0007CDD7
0x0007CE2E,93,93,func_0007CE2E
0x0007CE8B,91,91,func_0007CE8B
0x0007CEE6,85,85,func_0007CEE6
0x0007CF3B,85,85,func_0007CF3B
0x0007CF90,49,49,func_0007CF90
0x0007CFC1,101,101,func_0007CFC1
0x0007D026,36,36,func_0007D026
0x0007D04A,46,46,func_0007D04A
0x0007D078,164,164,func_0007D078
0x0007D11C,65,65,func_0007D11C
0x0007D15D,65,65,func_0007D15D
0x0007D19E,65,65,func_0007D19E
0x0007D1DF,65,65,func_0007D1DF
0x0007D220,65,65,func_0007D220
0x0007D261,65,65,func_0007D261
0x0007D2A2,65,65,func_0007D2A2
0x0007D2E3,65,65,func_0007D2E3
0x0007D324,65,65,func_0007D324
0x0007D365,65,65,func_0007D365
0x0007D3A6,65,65,func_0007D3A6
0x0007D3E7,65,65,func_0007D3E7
0x0007D428,65,65,func_0007D428
0x0007D469,65,65,func_0007D469
0x0007D4AA,65,65,func_0007D4AA
0x0007D4EB,65,65,func_0007D4EB
0x0007D52C,65,65,func_0007D52C
0x0007D56D,65,65,func_0007D56D
0x0007D5AE,65,65,func_0007D5AE
0x0007D5EF,65,65,func_0007D5EF
0x0007D630,65,65,func_0007D630
0x0007D671,65,65,func_0007D671
0x0007D6B2,65,65,func_0007D6B2
0x0007D6F3,65,65,func_0007D6F3
0x0007D734,65,65,func_0007D734
0x0007D775,65,65,func_0007D775
0x0007D7B6,65,65,func_0007D7B6
0x0007D7F7,65,65,func_0007D7F7
0x0007D838,65,65,func_0007D838
0x0007D879,65,65,func_0007D879
0x0007D8BA,65,65,func_0007D8BA
0x0007D8FB,65,65,func_0007D8FB
0x0007D93C,65,65,func_0007D93C
0x0007D97D,65,65,func_0007D97D
0x0007D9BE,65,65,func_0007D9BE
0x0007D9FF,65,65,func_0007D9FF
0x0007DA40,65,65,func_0007DA40
0x0007DA81,65,65,func_0007DA81
0x0007DAC2,65,65,func_0007DAC2
0x0007DB03,65,65,func_0007DB03
0x0007DB44,65,65,func_0007DB44
0x0007DB85,65,65,func_0007DB85
0x0007DBC6,65,65,func_0007DBC6
0x0007DC07,65,65,func_0007DC07
0x0007DC48,65,65,func_0007DC48
0x0007DC89,65,65,func_0007DC89
0x0007DCCA,65,65,func_0007DCCA
0x0007DD0B,65,65,func_0007DD0B
0x0007DD4C,65,65,func_0007DD4C
0x0007DD8D,65,65,func_0007DD8D
0x0007DDCE,65,65,func_0007DDCE
0x0007DE0F,65,65,func_0007DE0F
0x0007DE50,65,65,func_0007DE50
0x0007DE91,65,65,func_0007DE91
0x0007DED2,65,65,func_0007DED2
0x0007DF13,65,65,func_0007DF13
0x0007DF54,65,65,func_0007DF54
0x0007DF95,65,65,func_0007DF95
0x0007DFD6,65,65,func_0007DFD6
0x0007E017,65,65,func_0007E017
0x0007E058,65,65,func_0007E058
0x0007E099,65,65,func_0007E099
0x0007E0DA,65,65,func_0007E0DA
0x0007E11B,65,65,func_0007E11B
0x0007E15C,81,81,func_0007E15C
0x0007E1AD,55,55,func_0007E1AD
0x0007E1E4,74,74,func_0007E1E4
0x0007E22E,60,60,func_0007E22E
0x0007E26A,78,78,func_0007E26A
0x0007E2B8,56,56,func_0007E2B8
0x0007E2F0,77,77,func_0007E2F0
0x0007E33D,61,61,func_0007E33D
0x0007E37A,60,60,func_0007E37A
0x0007E3B6,66,66,func_0007E3B6
0x0007E3F8,66,66,func_0007E3F8
0x0007E43A,72,72,func_0007E43A
0x0007E482,69,69,func_0007E482
0x0007E4C7,68,68,func_0007E4C7
0x0007E50B,72,72,func_0007E50B
0x0007E553,71,71,func_0007E553
0x0007E59A,68,68,func_0007E59A
0x0007E5DE,67,67,func_0007E5DE
0x0007E621,71,71,func_0007E621
0x0007E668,55,55,func_0007E668
0x0007E69F,91,91,func_0007E69F
0x0007E6FA,60,60,func_0007E6FA
0x0007E736,60,60,func_0007E736
0x0007E772,78,78,func_0007E772
0x0007E7C0,78,78,func_0007E7C0
0x0007E80E,68,68,func_0007E80E
0x0007E852,76,76,func_0007E852
0x0007E89E,64,64,func_0007E89E
0x0007E8DE,75,75,func_0007E8DE
0x0007E929,76,76,func_0007E929
0x0007E975,75,75,func_0007E975
0x0007E9C0,74,74,func_0007E9C0
0x0007EA0A,81,81,func_0007EA0A
0x0007EA5B,71,71,func_0007EA5B
0x0007EAA2,75,75,func_0007EAA2
0x0007EAED,71,71,func_0007EAED
0x0007EB34,68,68,func_0007EB34
0x0007EB78,76,76,func_0007EB78
0x0007EBC4,64,64,func_0007EBC4
0x0007EC04,75,75,func_0007EC04
0x0007EC4F,73,73,func_0007EC4F
0x0007EC98,73,73,func_0007EC98
0x0007ECE1,67,67,func_0007ECE1
0x0007ED24,73,73,func_0007ED24
0x0007ED6D,76,76,func_0007ED6D
0x0007EDB9,63,63,func_0007EDB9
0x0007EDF8,59,59,func_0007EDF8
0x0007EE33,76,76,func_0007EE33
0x0007EE7F,59,59,func_0007EE7F
0x0007EEBA,75,75,func_0007EEBA
0x0007EF05,75,75,func_0007EF05
0x0007EF50,63,63,func_0007EF50
0x0007EF8F,65,65,func_0007EF8F
0x0007EFD0,72,72,func_0007EFD0
0x0007F018,74,74,func_0007F018
0x0007F062,79,79,func_0007F062
0x0007F0B1,79,79,func_0007F0B1
0x0007F100,80,80,func_0007F100
0x0007F150,76,76,func_0007F150
0x0007F19C,74,74,func_0007F19C
0x0007F1E6,80,80,func_0007F1E6
0x0007F236,80,80,func_0007F236
0x0007F286,80,80,func_0007F286
0x0007F2D6,76,76,func_0007F2D6
0x0007F322,67,67,func_0007F322
0x0007F365,51,51,func_0007F365
0x0007F398,73,73,func_0007F398
0x0007F3E1,46,46,func_0007F3E1
0x0007F40F,73,73,func_0007F40F
0x0007F458,50,50,func_0007F458
0x0007F48A,49,49,func_0007F48A
0x0007F4BB,71,71,func_0007F4BB
0x0007F502,75,75,func_0007F502
0x0007F54D,69,69,func_0007F54D
0x0007F592,65,65,func_0007F592
0x0007F5D3,57,57,func_0007F5D3
0x0007F60C,57,57,func_0007F60C
0x0007F645,52,52,func_0007F645
0x0007F679,51,51,func_0007F679
0x0007F6AC,57,57,func_0007F6AC
0x0007F6E5,57,57,func_0007F6E5
0x0007F71E,58,58,func_0007F71E
0x0007F758,57,57,func_0007F758
0x0007F791,51,51,func_0007F791
0x0007F7C4,90,90,func_0007F7C4
0x0007F81E,46,46,func_0007F81E
0x0007F84C,46,46,func_0007F84C
0x0007F87A,49,49,func_0007F87A
0x0007F8AB,73,73,func_0007F8AB
0x0007F8F4,59,59,func_0007F8F4
0x0007F92F,73,73,func_0007F92F
0x0007F978,63,63,func_0007F978
0x0007F9B7,61,61,func_0007F9B7
0x0007F9F4,67,67,func_0007F9F4
0x0007FA37,68,68,func_0007FA37
0x0007FA7B,73,73,func_0007FA7B
0x0007FAC4,67,67,func_0007FAC4
0x0007FB07,57,57,func_0007FB07
0x0007FB40,64,64,func_0007FB40
0x0007FB80,57,57,func_0007FB80
0x0007FBB9,59,59,func_0007FBB9
0x0007FBF4,73,73,func_0007FBF4
0x0007FC3D,63,63,func_0007FC3D
0x0007FC7C,62,62,func_0007FC7C
0x0007FCBA,54,54,func_0007FCBA
0x0007FCF0,57,57,func_0007FCF0
0x0007FD29,51,51,func_0007FD29
0x0007FD5C,45,45,func_0007FD5C
0x0007FD89,73,73,func_0007FD89
0x0007FDD2,54,54,func_0007FDD2
0x0007FE08,58,58,func_0007FE08
0x0007FE42,73,73,func_0007FE42
0x0007FE8B,58,58,func_0007FE8B
0x0007FEC5,62,62,func_0007FEC5
0x0007FF03,61,61,func_0007FF03
0x0007FF40,54,54,func_0007FF40
0x0007FF76,74,74,func_0007FF76
0x0007FFC0,63,63,func_0007FFC0
0x0007FFFF,67,67,func_0007FFFF
0x00080042,79,79,func_00080042
0x00080091,72,72,func_00080091
0x000800D9,64,64,func_000800D9
0x00080119,62,62,func_00080119
0x00080157,61,61,func_00080157
0x00080194,72,72,func_00080194
0x000801DC,78,78,func_000801DC
0x0008022A,70,70,func_0008022A
0x00080270,67,67,func_00080270
0x000802B3,26,26,func_000802B3
0x000802CD,184,195,func_000802CD
0x00080390,127,128,func_00080390
0x00080410,56,56,func_00080410
0x00080448,103,104,func_00080448
0x000804B0,391,392,func_000804B0
0x00080638,215,216,func_00080638
0x00080710,203,268,func_00080710
0x0008081C,265,268,func_0008081C
0x00080928,1506,1506,func_00080928
0x00080F0A,2,2,func_00080F0A
0x00080F0C,88,88,func_00080F0C
0x00080F64,58,58,func_00080F64
0x00080F9E,2,2,func_00080F9E
0x00080FA0,6,6,func_00080FA0
0x00080FA6,2,2,func_00080FA6
0x00080FA8,6,6,func_00080FA8
0x00080FAE,2,2,func_00080FAE
0x00080FB0,6,6,func_00080FB0
0x00080FB6,2,2,func_00080FB6
0x00080FB8,6,6,func_00080FB8
0x00080FBE,51,50,func_00080FBE
0x00080FF0,29,29,func_00080FF0
0x0008100D,24,24,func_0008100D
0x00081025,24,24,func_00081025
0x0008103D,12,15,func_0008103D
0x0008104C,6,6,func_0008104C
0x00081052,2,2,func_00081052
0x00081054,6,6,func_00081054
0x0008105A,2,2,func_0008105A
0x0008105C,6,6,func_0008105C
0x00081062,43,43,func_00081062
0x0008108D,116,116,func_0008108D
0x00081101,1,1,func_00081101
0x00081102,397,397,func_00081102
0x0008128F,350,350,func_0008128F
0x000813ED,470,470,func_000813ED
0x000815C3,2061,2061,func_000815C3
0x00081DD0,1801,1811,func_00081DD0
0x000824E3,54,54,func_000824E3
0x00082519,56,56,func_00082519
0x00082551,152,152,func_00082551
0x000825E9,81,81,func_000825E9
0x0008263A,325,325,func_0008263A
0x0008277F,104,104,func_0008277F
0x000827E7,174,174,func_000827E7
0x00082895,68,68,func_00082895
0x000828D9,112,112,func_000828D9
0x00082949,86,86,func_00082949
0x0008299F,26,26,func_0008299F
0x000829B9,39,39,func_000829B9
0x000829E0,37,37,func_000829E0
0x00082A05,51,51,func_00082A05
0x00082A38,13,13,func_00082A38
0x00082A45,13,13,func_00082A45
0x00082A52,76,76,func_00082A52
0x00082A9E,61,61,func_00082A9E
0x00082ADB,7,7,func_00082ADB
0x00082AE2,143,143,func_00082AE2
0x00082B71,110,110,func_00082B71
0x00082BDF,39,39,func_00082BDF
0x00082C06,76,76,func_00082C06
0x00082C52,136,136,func_00082C52
0x00082CDA,82,82,func_00082CDA
0x00082D2C,90,90,func_00082D2C
0x00082D86,262,262,func_00082D86
0x00082E8C,16,16,func_00082E8C
0x00082E9C,308,308,func_00082E9C
0x00082FD0,93,93,func_00082FD0
0x0008302D,102,102,func_0008302D
0x00083093,54,54,func_00083093
0x000830C9,67,67,func_000830C9
0x0008310C,67,67,func_0008310C
0x0008314F,80,80,func_0008314F
0x0008319F,16,16,func_0008319F
0x000831AF,67,67,func_000831AF
0x000831F2,59,59,func_000831F2
0x0008322D,46,46,func_0008322D
0x0008325B,52,52,func_0008325B
0x0008328F,28,28,func_0008328F
0x000832AB,58,58,func_000832AB
0x000832E5,70,70,func_000832E5
0x0008332B,28,28,func_0008332B
0x00083347,41,41,func_00083347
0x00083370,261,261,func_00083370
0x00083475,37,37,func_00083475
0x0008349A,39,39,func_0008349A
0x000834C1,40,40,func_000834C1
0x000834E9,26,26,func_000834E9
0x00083503,192,198,func_00083503
0x000835C9,38,59,func_000835C9
0x00083604,7,16,func_00083604
0x00083614,105,105,func_00083614
0x0008367D,39,39,func_0008367D
0x000836A4,58,58,func_000836A4
0x000836DE,57,57,func_000836DE
0x00083717,116,116,func_00083717
0x0008378B,62,62,func_0008378B
0x000837C9,47,47,func_000837C9
0x000837F8,43,43,func_000837F8
0x00083823,149,149,func_00083823
0x000838B8,34,84,func_000838B8
0x0008390C,6,56,func_0008390C
0x00083944,6,6,func_00083944
0x0008394A,300,300,func_0008394A
0x00083A76,112,112,func_00083A76
0x00083AE6,60,60,func_00083AE6
0x00083B22,92,92,func_00083B22
0x00083B7E,29,29,func_00083B7E
0x00083B9B,193,193,func_00083B9B
0x00083C5C,240,240,func_00083C5C
0x00083D4C,19,19,func_00083D4C
0x00083D5F,16,16,func_00083D5F
0x00083D6F,190,190,func_00083D6F
0x00083E2D,85,99,func_00083E2D
0x00083E90,47,48,func_00083E90
0x00083EC0,56,56,func_00083EC0
0x00083EF8,40,40,func_00083EF8
0x00083F20,42,42,func_00083F20
0x00083F4A,45,45,func_00083F4A
0x00083F77,43,43,func_00083F77
0x00083FA2,157,157,func_00083FA2
0x0008403F,47,47,func_0008403F
0x0008406E,36,36,func_0008406E
0x00084092,30,30,func_00084092
0x000840B0,148,148,func_000840B0
0x00084144,20,20,func_00084144
0x00084158,130,130,func_00084158
0x000841DA,73,73,func_000841DA
0x00084223,77,77,func_00084223
0x00084270,105,105,func_00084270
0x000842D9,17,17,func_000842D9
0x000842EA,30,30,func_000842EA
0x00084308,76,76,func_00084308
0x00084354,173,173,func_00084354
0x00084401,92,92,func_00084401
0x0008445D,95,95,func_0008445D
0x000844BC,123,123,func_000844BC
0x00084537,60,60,func_00084537
0x00084573,66,66,func_00084573
0x000845B5,124,124,func_000845B5
0x00084631,60,60,func_00084631
0x0008466D,66,66,func_0008466D
0x000846AF,124,124,func_000846AF
0x0008472B,78,78,func_0008472B
0x00084779,88,88,func_00084779
0x000847D1,125,125,func_000847D1
0x0008484E,58,58,func_0008484E
0x00084888,65,65,func_00084888
0x000848C9,43,43,func_000848C9
0x000848F4,267,267,func_000848F4
0x000849FF,66,66,func_000849FF
0x00084A41,41,41,func_00084A41
0x00084A6A,72,72,func_00084A6A
0x00084AB2,21,21,func_00084AB2
0x00084AC7,34,34,func_00084AC7
0x00084AE9,29,29,func_00084AE9
0x00084B06,42,42,func_00084B06
0x00084B30,15,15,func_00084B30
0x00084B3F,40,40,func_00084B3F
0x00084B67,20,20,func_00084B67
0x00084B7B,13,37,func_00084B7B
0x00084BA0,6,36,func_00084BA0
0x00084BC4,6,18,func_00084BC4
0x00084BD6,15,15,func_00084BD6
0x00084BE5,15,15,func_00084BE5
0x00084BF4,15,15,func_00084BF4
0x00084C03,15,15,func_00084C03
0x00084C12,15,15,func_00084C12
0x00084C21,15,15,func_00084C21
0x00084C30,15,15,func_00084C30
0x00084C3F,1,1,func_00084C3F
0x00084C40,15,15,func_00084C40
0x00084C4F,1,1,func_00084C4F
0x00084C50,15,15,func_00084C50
0x00084C5F,1,1,func_00084C5F
0x00084C60,43,44,func_00084C60
0x00084C8C,215,215,func_00084C8C
0x00084D63,235,235,func_00084D63
0x00084E4E,268,268,func_00084E4E
0x00084F5A,280,280,func_00084F5A
0x00085072,349,349,func_00085072
0x000851CF,343,343,func_000851CF
0x00085326,277,277,func_00085326
0x0008543B,289,289,func_0008543B
0x0008555C,358,358,func_0008555C
0x000856C2,352,352,func_000856C2
0x00085822,249,249,func_00085822
0x0008591B,261,261,func_0008591B
0x00085A20,487,487,func_00085A20
0x00085C07,87,87,func_00085C07
0x00085C5E,37,37,func_00085C5E
0x00085C83,555,555,func_00085C83
0x00085EAE,164,164,func_00085EAE
0x00085F52,1,1,func_00085F52
0x00085F53,1,1,func_00085F53
0x00085F54,1,1,func_00085F54
0x00085F55,23,23,func_00085F55
0x00085F6C,9,9,func_00085F6C
0x00085F75,11,11,func_00085F75
0x00085F80,18,18,func_00085F80
0x00085F92,76,76,func_00085F92
0x00085FDE,212,212,func_00085FDE
0x000860B2,32,32,func_000860B2
0x000860D2,15,15,func_000860D2
0x000860E1,42,42,func_000860E1
0x0008610B,1462,1462,func_0008610B
0x000866C1,44,44,func_000866C1
0x000866ED,146,146,func_000866ED
0x0008677F,83,83,func_0008677F
0x000867D2,36,36,func_000867D2
0x000867F6,41,41,func_000867F6
0x0008681F,242,242,func_0008681F
0x00086911,59,59,func_00086911
0x0008694C,14,14,func_0008694C
0x0008695A,82,82,func_0008695A
0x000869AC,113,113,func_000869AC
0x00086A1D,215,215,func_00086A1D
0x00086AF4,157,157,func_00086AF4
0x00086B91,67,67,func_00086B91
0x00086BD4,358,358,func_00086BD4
0x00086D3A,96,96,func_00086D3A
0x00086D9A,962,962,func_00086D9A
0x0008715C,64,64,func_0008715C
0x0008719C,91,91,func_0008719C
0x000871F7,125,125,func_000871F7
0x00087274,67,67,func_00087274
0x000872B7,31,31,func_000872B7
0x000872D6,64,64,func_000872D6
0x00087316,14,14,func_00087316
0x00087324,157,157,func_00087324
0x000873C1,59,59,func_000873C1
0x000873FC,229,229,func_000873FC
0x000874E1,40,40,func_000874E1
0x00087509,676,676,func_00087509
0x000877AD,48,48,func_000877AD
0x000877DD,277,277,func_000877DD
0x000878F2,28,28,func_000878F2
0x0008790E,13,14,func_0008790E
0x0008791C,19,19,func_0008791C
0x0008792F,38,38,func_0008792F
0x00087955,278,278,func_00087955
0x00087A6B,385,385,func_00087A6B
0x00087BEC,76,76,func_00087BEC
0x00087C38,38,38,func_00087C38
0x00087C5E,27,33,func_00087C5E
0x00087C7F,82,88,func_00087C7F
0x00087CD7,35,35,func_00087CD7
0x00087CFA,14,14,func_00087CFA
0x00087D08,6,21,func_00087D08
0x00087D1D,14,14,func_00087D1D
0x00087D2B,7,7,func_00087D2B
0x00087D32,7,7,func_00087D32
0x00087D39,37,37,func_00087D39
0x00087D5E,42,42,func_00087D5E
0x00087D88,301,301,func_00087D88
0x00087EB5,68,68,func_00087EB5
0x00087EF9,212,212,func_00087EF9
0x00087FCD,20,20,func_00087FCD
0x00087FE1,130,130,func_00087FE1
0x00088063,17,22,func_00088063
0x00088079,29,29,func_00088079
0x00088096,168,168,func_00088096
0x0008813E,267,267,func_0008813E
0x00088249,63,63,func_00088249
0x00088288,94,94,func_00088288
0x000882E6,234,234,func_000882E6
0x000883D0,116,116,func_000883D0
0x00088444,78,78,func_00088444
0x00088492,211,211,func_00088492
0x00088565,175,175,func_00088565
0x00088614,324,324,func_00088614
0x00088758,119,119,func_00088758
0x000887CF,3,3,func_000887CF
0x000887D2,37,37,func_000887D2
0x000887F7,73,73,func_000887F7
0x00088840,27,27,func_00088840
0x0008885B,21,21,func_0008885B
0x00088870,882,882,func_00088870
0x00088BE2,882,882,func_00088BE2
0x00088F54,21,24,func_00088F54
0x00088F6C,1,1,func_00088F6C
0x00088F6D,103,103,func_00088F6D
0x00088FD4,70,70,func_00088FD4
0x0008901A,187,187,func_0008901A
0x000890D5,44,44,func_000890D5
0x00089101,44,44,func_00089101
0x0008912D,124,124,func_0008912D
0x000891A9,89,89,func_000891A9
0x00089202,1,1,func_00089202
0x00089203,21,21,func_00089203
0x00089218,482,482,func_00089218
0x000893FA,198,198,func_000893FA
0x000894C0,21,21,func_000894C0
0x000894D5,21,21,func_000894D5
0x000894EA,100,100,func_000894EA
0x0008954E,70,70,func_0008954E
0x00089594,32,32,func_00089594
0x000895B4,32,32,func_000895B4
0x000895D4,21,21,func_000895D4
0x000895E9,21,21,func_000895E9
0x000895FE,133,133,func_000895FE
0x00089683,21,21,func_00089683
0x00089698,1,1,func_00089698
0x00089699,61,61,func_00089699
0x000896D6,61,61,func_000896D6
0x00089713,172,172,func_00089713
0x000897BF,54,54,func_000897BF
0x000897F5,93,93,func_000897F5
0x00089852,54,54,func_00089852
0x00089888,43,43,func_00089888
0x000898B3,58,58,func_000898B3
0x000898ED,92,92,func_000898ED
0x00089949,35,35,func_00089949
0x0008996C,35,35,func_0008996C
0x0008998F,68,68,func_0008998F
0x000899D3,89,89,func_000899D3
0x00089A2C,48,48,func_00089A2C
0x00089A5C,35,35,func_00089A5C
0x00089A7F,53,53,func_00089A7F
0x00089AB4,41,41,func_00089AB4
0x00089ADD,38,38,func_00089ADD
0x00089B03,39,39,func_00089B03
0x00089B2A,42,42,func_00089B2A
0x00089B54,53,53,func_00089B54
0x00089B89,53,53,func_00089B89
0x00089BBE,63,63,func_00089BBE
0x00089BFD,74,74,func_00089BFD
0x00089C47,54,54,func_00089C47
0x00089C7D,43,43,func_00089C7D
0x00089CA8,29,29,func_00089CA8
0x00089CC5,65,65,func_00089CC5
0x00089D06,46,46,func_00089D06
0x00089D34,108,108,func_00089D34
0x00089DA0,77,77,func_00089DA0
0x00089DED,54,63,func_00089DED
0x00089E2C,33,33,func_00089E2C
0x00089E4D,38,46,func_00089E4D
0x00089E7B,1,1,func_00089E7B
0x00089E7C,88,88,func_00089E7C
0x00089ED4,1,1,func_00089ED4
0x00089ED5,1243,1243,func_00089ED5
0x0008A3B0,1,1,func_0008A3B0
0x0008A3B1,5,5,func_0008A3B1
0x0008A3B6,4,4,func_0008A3B6
0x0008A3BA,49,59,func_0008A3BA
0x0008A3F5,64,64,func_0008A3F5
0x0008A435,55,62,func_0008A435
0x0008A473,271,271,func_0008A473
0x0008A582,108,108,func_0008A582
0x0008A5EE,17,17,func_0008A5EE
0x0008A5FF,50,50,func_0008A5FF
0x0008A631,56,59,func_0008A631
0x0008A66C,176,176,func_0008A66C
0x0008A71C,123,123,func_0008A71C
0x0008A797,113,113,func_0008A797
0x0008A808,468,468,func_0008A808
0x0008A9DC,47,47,func_0008A9DC
0x0008AA0B,98,98,func_0008AA0B
0x0008AA6D,118,118,func_0008AA6D
0x0008AAE3,97,97,func_0008AAE3
0x0008AB44,160,160,func_0008AB44
0x0008ABE4,218,218,func_0008ABE4
0x0008ACBE,122,122,func_0008ACBE
0x0008AD38,435,435,func_0008AD38
0x0008AEEB,86,86,func_0008AEEB
0x0008AF41,35,35,func_0008AF41
0x0008AF64,1,1,func_0008AF64
0x0008AF65,314,314,func_0008AF65
0x0008B09F,1,1,func_0008B09F
0x0008B0A0,41,41,func_0008B0A0
0x0008B0C9,75,75,func_0008B0C9
0x0008B114,31,31,func_0008B114
0x0008B133,31,31,func_0008B133
0x0008B152,1,1,func_0008B152
0x0008B153,201,201,func_0008B153
0x0008B21C,184,184,func_0008B21C
0x0008B2D4,144,144,func_0008B2D4
0x0008B364,85,85,func_0008B364
0x0008B3B9,90,90,func_0008B3B9
0x0008B413,114,114,func_0008B413
0x0008B485,155,156,func_0008B485
0x0008B521,75,75,func_0008B521
0x0008B56C,89,89,func_0008B56C
0x0008B5C5,131,131,func_0008B5C5
0x0008B648,81,81,func_0008B648
0x0008B699,41,41,func_0008B699
0x0008B6C2,17,14,func_0008B6C2
0x0008B6D0,18,18,func_0008B6D0
0x0008B6E2,110,110,func_0008B6E2
0x0008B750,37,37,func_0008B750
0x0008B775,62,62,func_0008B775
0x0008B7B3,62,62,func_0008B7B3
0x0008B7F1,19,19,func_0008B7F1
0x0008B804,98,98,func_0008B804
0x0008B866,158,158,func_0008B866
0x0008B904,582,582,func_0008B904
0x0008BB4A,520,520,func_0008BB4A
0x0008BD52,520,520,func_0008BD52
0x0008BF5A,520,520,func_0008BF5A
0x0008C162,404,404,func_0008C162
0x0008C2F6,346,346,func_0008C2F6
0x0008C450,324,324,func_0008C450
0x0008C594,515,515,func_0008C594
0x0008C797,384,384,func_0008C797
0x0008C917,461,480,func_0008C917
0x0008CAF7,6,12,func_0008CAF7
0x0008CB03,1,1,func_0008CB03
0x0008CB04,239,239,func_0008CB04
0x0008CBF3,25,25,func_0008CBF3
0x0008CC0C,25,25,func_0008CC0C
0x0008CC25,88,88,func_0008CC25
0x0008CC7D,96,96,func_0008CC7D
0x0008CCDD,34,34,func_0008CCDD
0x0008CCFF,34,34,func_0008CCFF
0x0008CD21,56,56,func_0008CD21
0x0008CD59,56,56,func_0008CD59
0x0008CD91,394,394,func_0008CD91
0x0008CF1B,508,508,func_0008CF1B
0x0008D117,1,1,func_0008D117
0x0008D118,341,341,func_0008D118
0x0008D26D,173,175,func_0008D26D
0x0008D31C,3,3,func_0008D31C
0x0008D31F,152,152,func_0008D31F
0x0008D3B7,1,1,func_0008D3B7
0x0008D3B8,106,107,func_0008D3B8
0x0008D423,73,73,func_0008D423
0x0008D46C,26,26,func_0008D46C
0x0008D486,147,147,func_0008D486
0x0008D519,116,116,func_0008D519
0x0008D58D,193,193,func_0008D58D
0x0008D64E,65,114,func_0008D64E
0x0008D6C0,1321,1321,func_0008D6C0
0x0008DBE9,240,240,func_0008DBE9
0x0008DCD9,374,423,func_0008DCD9
0x0008DE80,1111,1111,func_0008DE80
0x0008E2D7,70,70,func_0008E2D7
0x0008E31D,676,676,func_0008E31D
0x0008E5C1,2327,2327,func_0008E5C1
0x0008EED8,9,9,func_0008EED8
0x0008EEE1,35,32,func_0008EEE1
0x0008EF01,5,5,func_0008EF01
0x0008EF06,2,30,func_0008EF06
0x0008EF24,184,184,func_0008EF24
0x0008EFDC,202,202,func_0008EFDC
0x0008F0A6,120,120,func_0008F0A6
0x0008F11E,2953,2953,func_0008F11E
0x0008FCA7,18,18,func_0008FCA7
0x0008FCB9,1039,1039,func_0008FCB9
0x000900C8,709,709,func_000900C8
0x0009038D,42,42,func_0009038D
0x000903B7,595,595,func_000903B7
0x0009060A,485,485,func_0009060A
0x000907EF,254,254,func_000907EF
0x000908ED,1687,1687,func_000908ED
0x00090F84,328,328,func_00090F84
0x000910CC,85,85,func_000910CC
0x00091121,134,134,func_00091121
0x000911A7,80,80,func_000911A7
0x000911F7,75,75,func_000911F7
0x00091242,138,142,func_00091242
0x000912D0,231,232,func_000912D0
0x000913B8,126,126,func_000913B8
0x00091436,2,2,func_00091436
0x00091438,126,126,func_00091438
0x000914B6,2,2,func_000914B6
0x000914B8,86,86,func_000914B8
0x0009150E,2,2,func_0009150E
0x00091510,78,78,func_00091510
0x0009155E,2,2,func_0009155E
0x00091560,259,260,func_00091560
0x00091664,117,120,func_00091664
0x000916DC,76,76,func_000916DC
0x00091728,131,132,func_00091728
0x000917AC,131,132,func_000917AC
0x00091830,49,52,func_00091830
0x00091864,83,84,func_00091864
0x000918B8,93,96,func_000918B8
0x00091918,379,380,func_00091918
0x00091A94,307,308,func_00091A94
0x00091BC8,51,52,func_00091BC8
0x00091BFC,72,72,func_00091BFC
0x00091C44,48,48,func_00091C44
0x00091C74,51,52,func_00091C74
0x00091CA8,138,138,func_00091CA8
0x00091D32,72,72,func_00091D32
0x00091D7A,62,62,func_00091D7A
0x00091DB8,39,40,func_00091DB8
0x00091DE0,39,40,func_00091DE0
0x00091E08,44,44,func_00091E08
0x00091E34,39,56,func_00091E34
0x00091E6C,472,572,func_00091E6C
0x000920A8,122,122,func_000920A8
0x00092122,34,62,func_00092122
0x00092160,18,18,func_00092160
0x00092172,8,8,func_00092172
0x0009217A,8,8,func_0009217A
0x00092182,28,28,func_00092182
0x0009219E,28,28,func_0009219E
0x000921BA,13,32,func_000921BA
0x000921DA,8,8,func_000921DA
0x000921E2,2,2,func_000921E2
0x000921E4,68,68,func_000921E4
0x00092228,40,40,func_00092228
0x00092250,36,36,func_00092250
0x00092274,37,40,func_00092274
0x0009229C,194,194,func_0009229C
0x0009235E,8,8,func_0009235E
0x00092366,2,2,func_00092366
0x00092368,51,58,func_00092368
0x000923A2,2,2,func_000923A2
0x000923A4,32,32,func_000923A4
0x000923C4,36,36,func_000923C4
0x000923E8,3,25,func_000923E8
0x00092401,2,96,func_00092401
0x00092461,2,204,func_00092461
0x0009252D,2,4,func_0009252D
0x00092531,2,4,func_00092531
0x00092535,2,8,func_00092535
0x0009253D,2,4,func_0009253D
0x00092541,2,4,func_00092541
0x00092545,2,36,func_00092545
0x00092569,2,32,func_00092569
0x00092589,6,320,func_00092589
0x000926C9,6,287,func_000926C9
0x000927E8,22,22,func_000927E8
0x000927FE,146,146,func_000927FE
0x00092890,17,17,func_00092890
0x000928A1,18,18,func_000928A1
0x000928B3,17,17,func_000928B3
0x000928C4,20,20,func_000928C4
0x000928D8,22,22,func_000928D8
0x000928EE,20,20,func_000928EE
0x00092902,43,43,func_00092902
0x0009292D,43,43,func_0009292D
0x00092958,7,15,func_00092958
0x00092967,30,30,func_00092967
0x00092985,28,28,func_00092985
0x000929A1,29,29,func_000929A1
0x000929BE,56,56,func_000929BE
0x000929F6,189,189,func_000929F6
0x00092AB3,104,104,func_00092AB3
0x00092B1B,681,681,func_00092B1B
0x00092DC4,323,332,func_00092DC4
0x00092F10,117,123,func_00092F10
0x00092F8B,48,49,func_00092F8B
0x00092FBC,14,14,func_00092FBC
0x00092FCA,10,10,func_00092FCA
0x00092FD4,20,20,func_00092FD4
0x00092FE8,25,25,func_00092FE8
0x00093001,33,33,func_00093001
0x00093022,41,41,func_00093022
0x0009304B,16,16,func_0009304B
0x0009305B,19,19,func_0009305B
0x0009306E,16,16,func_0009306E
0x0009307E,16,16,func_0009307E
0x0009308E,16,16,func_0009308E
0x0009309E,25,25,func_0009309E
0x000930B7,19,19,func_000930B7
0x000930CA,22,22,func_000930CA
0x000930E0,30,30,func_000930E0
0x000930FE,27,27,func_000930FE
0x00093119,21,21,func_00093119
0x0009312E,22,22,func_0009312E
0x00093144,25,25,func_00093144
0x0009315D,19,19,func_0009315D
0x00093170,22,22,func_00093170
0x00093186,21,21,func_00093186
0x0009319B,20,20,func_0009319B
0x000931AF,21,21,func_000931AF
0x000931C4,30,30,func_000931C4
0x000931E2,35,35,func_000931E2
0x00093205,28,28,func_00093205
0x00093221,24,24,func_00093221
0x00093239,27,27,func_00093239
0x00093254,24,24,func_00093254
0x0009326C,27,27,func_0009326C
0x00093287,24,24,func_00093287
0x0009329F,24,24,func_0009329F
0x000932B7,24,24,func_000932B7
0x000932CF,27,27,func_000932CF
0x000932EA,21,21,func_000932EA
0x000932FF,21,21,func_000932FF
0x00093314,21,21,func_00093314
0x00093329,21,21,func_00093329
0x0009333E,21,21,func_0009333E
0x00093353,21,21,func_00093353
0x00093368,15,15,func_00093368
0x00093377,17,17,func_00093377
0x00093388,19,19,func_00093388
0x0009339B,18,18,func_0009339B
0x000933AD,29,29,func_000933AD
0x000933CA,36,36,func_000933CA
0x000933EE,30,30,func_000933EE
0x0009340C,87,87,func_0009340C
0x00093463,20,20,func_00093463
0x00093477,37,37,func_00093477
0x0009349C,41,41,func_0009349C
0x000934C5,52,52,func_000934C5
0x000934F9,40,40,func_000934F9
0x00093521,171,171,func_00093521
0x000935CC,181,181,func_000935CC
0x00093681,199,199,func_00093681
0x00093748,183,183,func_00093748
0x000937FF,32,33,func_000937FF
0x00093820,292,292,func_00093820
0x00093944,7,7,func_00093944
0x0009394B,100,100,func_0009394B
0x000939AF,52,52,func_000939AF
0x000939E3,28,28,func_000939E3
0x000939FF,249,249,func_000939FF
0x00093AF8,40,40,func_00093AF8
0x00093B20,25,25,func_00093B20
0x00093B39,46,46,func_00093B39
0x00093B67,78,78,func_00093B67
0x00093BB5,163,163,func_00093BB5
0x00093C58,465,465,func_00093C58
0x00093E29,166,166,func_00093E29
0x00093ECF,16,16,func_00093ECF
0x00093EDF,129,129,func_00093EDF
0x00093F60,51,51,func_00093F60
0x00093F93,233,233,func_00093F93
0x0009407C,25,25,func_0009407C
0x00094095,18,18,func_00094095
0x000940A7,46,46,func_000940A7
0x000940D5,28,56,func_000940D5
0x0009410D,273,273,func_0009410D
0x0009421E,32,32,func_0009421E
0x0009423E,110,110,func_0009423E
0x000942AC,37,37,func_000942AC
0x000942D1,278,278,func_000942D1
0x000943E7,255,255,func_000943E7
0x000944E6,132,132,func_000944E6
0x0009456A,155,156,func_0009456A
0x00094606,146,146,func_00094606
0x00094698,419,419,func_00094698
0x0009483B,106,106,func_0009483B
0x000948A5,79,79,func_000948A5
0x000948F4,195,195,func_000948F4
0x000949B7,276,276,func_000949B7
0x00094ACB,87,87,func_00094ACB
0x00094B22,237,237,func_00094B22
0x00094C0F,53,53,func_00094C0F
0x00094C44,57,57,func_00094C44
0x00094C7D,99,99,func_00094C7D
0x00094CE0,123,123,func_00094CE0
0x00094D5B,71,71,func_00094D5B
0x00094DA2,130,130,func_00094DA2
0x00094E24,59,59,func_00094E24
0x00094E5F,85,85,func_00094E5F
0x00094EB4,87,87,func_00094EB4
0x00094F0B,157,157,func_00094F0B
0x00094FA8,52,52,func_00094FA8
0x00094FDC,169,169,func_00094FDC
0x00095085,40,40,func_00095085
0x000950AD,44,44,func_000950AD
0x000950D9,1,1,func_000950D9
0x000950DA,67,67,func_000950DA
0x0009511D,570,570,func_0009511D
0x00095357,273,273,func_00095357
0x00095468,18,19,func_00095468
0x0009547B,19,19,func_0009547B
0x0009548E,16,16,func_0009548E
0x0009549E,191,191,func_0009549E
0x0009555D,194,194,func_0009555D
0x0009561F,21,21,func_0009561F
0x00095634,333,333,func_00095634
0x00095781,136,136,func_00095781
0x00095809,631,631,func_00095809
0x00095A80,378,378,func_00095A80
0x00095BFA,573,573,func_00095BFA
0x00095E37,529,529,func_00095E37
0x00096048,384,384,func_00096048
0x000961C8,187,187,func_000961C8
0x00096283,21,21,func_00096283
0x00096298,21,21,func_00096298
0x000962AD,42,42,func_000962AD
0x000962D7,21,21,func_000962D7
0x000962EC,1,1,func_000962EC
0x000962ED,1054,1099,func_000962ED
0x00096738,32,31,func_00096738
0x00096757,26,97,func_00096757
0x000967B8,42,41,func_000967B8
0x000967E1,32,119,func_000967E1
0x00096858,36,35,func_00096858
0x0009687B,44,43,func_0009687B
0x000968A6,32,92,func_000968A6
0x00096902,42,41,func_00096902
0x0009692B,50,49,func_0009692B
0x0009695C,32,76,func_0009695C
0x000969A8,56,55,func_000969A8
0x000969DF,40,139,func_000969DF
0x00096A6A,49,48,func_00096A6A
0x00096A9A,43,158,func_00096A9A
0x00096B38,50,49,func_00096B38
0x00096B69,50,177,func_00096B69
0x00096C1A,56,55,func_00096C1A
0x00096C51,56,56,func_00096C51
0x00096C89,42,99,func_00096C89
0x00096CEC,33,33,func_00096CEC
0x00096D0D,48,93,func_00096D0D
0x00096D6A,3,67,func_00096D6A
0x00096DAD,3,17,func_00096DAD
0x00096DBE,74,73,func_00096DBE
0x00096E07,58,169,func_00096E07
0x00096EB0,48,47,func_00096EB0
0x00096EDF,48,94,func_00096EDF
0x00096F3D,3,74,func_00096F3D
0x00096F87,3,27,func_00096F87
0x00096FA2,66,65,func_00096FA2
0x00096FE3,66,66,func_00096FE3
0x00097025,51,107,func_00097025
0x00097090,68,67,func_00097090
0x000970D3,52,97,func_000970D3
0x00097134,3,76,func_00097134
0x00097180,3,26,func_00097180
0x0009719A,88,87,func_0009719A
0x000971F1,72,201,func_000971F1
0x000972BA,72,71,func_000972BA
0x00097301,62,108,func_00097301
0x0009736D,3,31,func_0009736D
0x0009738C,99,98,func_0009738C
0x000973EE,69,69,func_000973EE
0x00097433,90,90,func_00097433
0x0009748D,30,30,func_0009748D
0x000974AB,46,45,func_000974AB
0x000974D8,32,31,func_000974D8
0x000974F7,26,107,func_000974F7
0x00097562,32,31,func_00097562
0x00097581,32,32,func_00097581
0x000975A1,33,87,func_000975A1
0x000975F8,36,35,func_000975F8
0x0009761B,44,43,func_0009761B
0x00097646,32,82,func_00097646
0x00097698,41,41,func_00097698
0x000976C1,60,59,func_000976C1
0x000976FC,32,86,func_000976FC
0x00097752,46,45,func_00097752
0x0009777F,40,139,func_0009777F
0x0009780A,49,48,func_0009780A
0x0009783A,43,90,func_0009783A
0x00097894,69,68,func_00097894
0x000978D8,50,49,func_000978D8
0x00097909,50,177,func_00097909
0x000979BA,56,55,func_000979BA
0x000979F1,56,145,func_000979F1
0x00097A82,54,53,func_00097A82
0x00097AB7,38,83,func_00097AB7
0x00097B0A,3,67,func_00097B0A
0x00097B4D,3,27,func_00097B4D
0x00097B68,53,53,func_00097B68
0x00097B9D,68,179,func_00097B9D
0x00097C50,48,47,func_00097C50
0x00097C7F,48,94,func_00097C7F
0x00097CDD,3,74,func_00097CDD
0x00097D27,3,27,func_00097D27
0x00097D42,66,65,func_00097D42
0x00097D83,66,183,func_00097D83
0x00097E3A,58,57,func_00097E3A
0x00097E73,52,97,func_00097E73
0x00097ED4,3,76,func_00097ED4
0x00097F20,3,36,func_00097F20
0x00097F44,67,67,func_00097F44
0x00097F87,82,221,func_00097F87
0x00098064,62,61,func_00098064
0x000980A1,62,62,func_000980A1
0x000980DF,77,134,func_000980DF
0x00098165,3,31,func_00098165
0x00098184,87,86,func_00098184
0x000981DA,83,83,func_000981DA
0x0009822D,1,3,func_0009822D
0x00098230,1,1,func_00098230
0x00098231,84,1024,func_00098231
0x00098631,16,15,func_00098631
0x00098640,16,15,func_00098640
0x0009864F,20,19,func_0009864F
0x00098662,21,20,func_00098662
0x00098676,19,19,func_00098676
0x00098689,24,23,func_00098689
0x000986A0,30,30,func_000986A0
0x000986BE,35,34,func_000986BE
0x000986E0,15,14,func_000986E0
0x000986EE,16,15,func_000986EE
0x000986FD,20,19,func_000986FD
0x00098710,21,20,func_00098710
0x00098724,21,20,func_00098724
0x00098738,23,22,func_00098738
0x0009874E,32,31,func_0009874E
0x0009876D,32,32,func_0009876D
0x0009878D,44,43,func_0009878D
0x000987B8,44,43,func_000987B8
0x000987E3,48,47,func_000987E3
0x00098812,49,48,func_00098812
0x00098842,79,78,func_00098842
0x00098890,81,80,func_00098890
0x000988E0,90,89,func_000988E0
0x00098939,92,91,func_00098939
0x00098994,43,42,func_00098994
0x000989BE,44,43,func_000989BE
0x000989E9,48,47,func_000989E9
0x00098A18,49,48,func_00098A18
0x00098A48,79,78,func_00098A48
0x00098A96,81,80,func_00098A96
0x00098AE6,90,89,func_00098AE6
0x00098B3F,90,90,func_00098B3F
0x00098B99,1,1,func_00098B99
0x00098B9A,42,42,func_00098B9A
0x00098BC4,7,7,func_00098BC4
0x00098BCB,1,1,func_00098BCB
0x00098BCC,39,39,func_00098BCC
0x00098BF3,71,71,func_00098BF3
0x00098C3A,102,102,func_00098C3A
0x00098CA0,26,26,func_00098CA0
0x00098CBA,43,46,func_00098CBA
0x00098CE8,108,108,func_00098CE8
0x00098D54,50,50,func_00098D54
0x00098D86,212,212,func_00098D86
0x00098E5A,33,33,func_00098E5A
0x00098E7B,356,356,func_00098E7B
0x00098FDF,59,61,func_00098FDF
0x0009901C,227,227,func_0009901C
0x000990FF,610,610,func_000990FF
0x00099361,83,83,func_00099361
0x000993B4,56,56,func_000993B4
0x000993EC,15,16,func_000993EC
0x000993FC,34,31,func_000993FC
0x0009941B,14,14,func_0009941B
0x00099429,165,165,func_00099429
0x000994CE,24,24,func_000994CE
0x000994E6,1,1,func_000994E6
0x000994E7,124,124,func_000994E7
0x00099563,110,110,func_00099563
0x000995D1,18,16,func_000995D1
0x000995E1,36,36,func_000995E1
0x00099605,158,158,func_00099605
0x000996A3,4,4,func_000996A3
0x000996A7,764,764,func_000996A7
0x000999A3,359,359,func_000999A3
0x00099B0A,401,401,func_00099B0A
0x00099C9B,279,279,func_00099C9B
0x00099DB2,551,551,func_00099DB2
0x00099FD9,408,408,func_00099FD9
0x0009A171,113,113,func_0009A171
0x0009A1E2,91,91,func_0009A1E2
0x0009A23D,203,203,func_0009A23D
0x0009A308,332,332,func_0009A308
0x0009A454,42,42,func_0009A454
0x0009A47E,190,190,func_0009A47E
0x0009A53C,192,192,func_0009A53C
0x0009A5FC,114,114,func_0009A5FC
0x0009A66E,354,354,func_0009A66E
0x0009A7D0,141,141,func_0009A7D0
0x0009A85D,234,234,func_0009A85D
0x0009A947,51,51,func_0009A947
0x0009A97A,48,48,func_0009A97A
0x0009A9AA,668,668,func_0009A9AA
0x0009AC46,163,163,func_0009AC46
0x0009ACE9,891,891,func_0009ACE9
0x0009B064,190,190,func_0009B064
0x0009B122,70,78,func_0009B122
0x0009B170,886,886,func_0009B170
0x0009B4E6,481,481,func_0009B4E6
0x0009B6C7,202,202,func_0009B6C7
0x0009B791,190,190,func_0009B791
0x0009B84F,60,60,func_0009B84F
0x0009B88B,351,351,func_0009B88B
0x0009B9EA,631,631,func_0009B9EA
0x0009BC61,474,474,func_0009BC61
0x0009BE3B,439,439,func_0009BE3B
0x0009BFF2,202,202,func_0009BFF2
0x0009C0BC,15,15,func_0009C0BC
0x0009C0CB,7,7,func_0009C0CB
0x0009C0D2,25,25,func_0009C0D2
0x0009C0EB,76,76,func_0009C0EB
0x0009C137,38,38,func_0009C137
0x0009C15D,31,31,func_0009C15D
0x0009C17C,51,51,func_0009C17C
0x0009C1AF,766,767,func_0009C1AF
0x0009C4AE,8,8,func_0009C4AE
0x0009C4B6,16,19,func_0009C4B6
0x0009C4C9,30,30,func_0009C4C9
0x0009C4E7,15,15,func_0009C4E7
0x0009C4F6,79,79,func_0009C4F6
0x0009C545,233,233,func_0009C545
0x0009C62E,110,110,func_0009C62E
0x0009C69C,81,81,func_0009C69C
0x0009C6ED,13,13,func_0009C6ED
0x0009C6FA,23,23,func_0009C6FA
0x0009C711,16,16,func_0009C711
0x0009C721,34,34,func_0009C721
0x0009C743,1,1,func_0009C743
0x0009C744,35,35,func_0009C744
0x0009C767,129,129,func_0009C767
0x0009C7E8,7,42,func_0009C7E8
0x0009C812,14,14,func_0009C812
0x0009C820,2,2,func_0009C820
0x0009C822,53,54,func_0009C822
0x0009C858,22,22,func_0009C858
0x0009C86E,15,15,func_0009C86E
0x0009C87D,312,312,func_0009C87D
0x0009C9B5,85,85,func_0009C9B5
0x0009CA0A,206,206,func_0009CA0A
0x0009CAD8,68,68,func_0009CAD8
0x0009CB1C,137,137,func_0009CB1C
0x0009CBA5,18,18,func_0009CBA5
0x0009CBB7,203,203,func_0009CBB7
0x0009CC82,9,9,func_0009CC82
0x0009CC8B,56,56,func_0009CC8B
0x0009CCC3,498,498,func_0009CCC3
0x0009CEB5,21,21,func_0009CEB5
0x0009CECA,18,18,func_0009CECA
0x0009CEDC,12,12,func_0009CEDC
0x0009CEE8,123,123,func_0009CEE8
0x0009CF63,27,27,func_0009CF63
0x0009CF7E,14,14,func_0009CF7E
0x0009CF8C,10,10,func_0009CF8C
0x0009CF96,219,219,func_0009CF96
0x0009D071,221,221,func_0009D071
0x0009D14E,72,72,func_0009D14E
0x0009D196,14,14,func_0009D196
0x0009D1A4,305,305,func_0009D1A4
0x0009D2D5,423,429,func_0009D2D5
0x0009D482,72,72,func_0009D482
0x0009D4CA,47,53,func_0009D4CA
0x0009D4FF,167,167,func_0009D4FF
0x0009D5A6,99,99,func_0009D5A6
0x0009D609,107,107,func_0009D609
0x0009D674,548,548,func_0009D674
0x0009D898,425,426,func_0009D898
0x0009DA42,5,5,func_0009DA42
0x0009DA47,31,31,func_0009DA47
0x0009DA66,132,132,func_0009DA66
0x0009DAEA,60,60,func_0009DAEA
0x0009DB26,65,65,func_0009DB26
0x0009DB67,231,231,func_0009DB67
0x0009DC4E,486,486,func_0009DC4E
0x0009DE34,144,144,func_0009DE34
0x0009DEC4,75,75,func_0009DEC4
0x0009DF0F,84,85,func_0009DF0F
0x0009DF64,25,26,func_0009DF64
0x0009DF7E,58,58,func_0009DF7E
0x0009DFB8,107,107,func_0009DFB8
0x0009E023,106,106,func_0009E023
0x0009E08D,167,181,func_0009E08D
0x0009E142,2,2,func_0009E142
0x0009E144,111,112,func_0009E144
0x0009E1B4,15,15,func_0009E1B4
0x0009E1C3,6,6,func_0009E1C3
0x0009E1C9,13,13,func_0009E1C9
0x0009E1D6,26,40,func_0009E1D6
0x0009E1FE,50,50,func_0009E1FE
0x0009E230,51,51,func_0009E230
0x0009E263,46,47,func_0009E263
0x0009E292,1,2,func_0009E292
0x0009E294,20,20,func_0009E294
0x0009E2A8,40,40,func_0009E2A8
0x0009E2D0,40,40,func_0009E2D0
0x0009E2F8,19,19,func_0009E2F8
0x0009E30B,165,165,func_0009E30B
0x0009E3B0,67,67,func_0009E3B0
0x0009E3F3,83,83,func_0009E3F3
0x0009E446,12,12,func_0009E446
0x0009E452,34,34,func_0009E452
0x0009E474,26,26,func_0009E474
0x0009E48E,183,183,func_0009E48E
0x0009E545,235,235,func_0009E545
